budget,id,runtime,vote_average,vote_count
30000000,862,81.0,7.7,5415
65000000,8844,104.0,6.9,2413
0,15602,101.0,6.5,92
16000000,31357,127.0,6.1,34
0,11862,106.0,5.7,173
60000000,949,170.0,7.7,1886
58000000,11860,127.0,6.2,141
0,45325,97.0,5.4,45
35000000,9091,106.0,5.5,174
58000000,710,130.0,6.6,1194
62000000,9087,106.0,6.5,199
0,12110,88.0,5.7,210
0,21032,78.0,7.1,423
44000000,10858,192.0,7.1,72
98000000,1408,119.0,5.7,137
52000000,524,178.0,7.8,1343
16500000,4584,136.0,7.2,364
4000000,5,98.0,6.5,539
30000000,9273,90.0,6.1,1128
60000000,11517,103.0,5.4,224
30250000,8012,105.0,6.4,305
0,1710,124.0,6.5,199
50000000,9691,132.0,6.0,394
0,12665,111.0,6.3,143
3600000,451,112.0,7.1,365
0,16420,123.0,7.0,33
12000000,9263,100.0,6.6,91
0,17015,104.0,7.4,36
18000000,902,108.0,7.6,308
0,37557,108.0,6.5,17
0,9909,99.0,6.4,249
29500000,63,129.0,7.4,2470
0,78802,50.0,6.8,4
30000000,9598,89.0,6.0,756
0,47018,121.0,6.4,16
11000000,687,122.0,7.3,350
0,139405,51.0,3.5,2
0,33689,101.0,6.1,149
12000000,9603,97.0,6.9,828
0,34615,106.0,6.7,13
0,31174,104.0,6.9,50
10000000,11443,119.0,6.6,80
19000000,35196,117.0,6.3,30
18000000,9312,101.0,5.4,452
20000000,577,106.0,6.7,177
10000000,11861,116.0,6.5,38
33000000,807,127.0,8.1,5915
55000000,10530,81.0,6.7,1509
0,8391,96.0,5.9,10
6000000,629,106.0,8.1,3334
0,117164,93.0,6.3,3
15000000,11448,95.0,6.7,145
0,49133,116.0,7.7,11
0,26441,100.0,5.2,41
0,97406,115.0,6.1,15
0,124057,89.0,3.0,1
0,9089,103.0,6.3,39
0,11010,108.0,7.6,181
0,99040,100.0,6.5,2
45000000,11359,96.0,5.9,136
20000000,17182,101.0,5.8,65
0,2054,137.0,6.9,115
0,10607,89.0,6.2,192
0,19760,96.0,4.5,14
15000000,9536,88.0,4.4,110
0,11525,92.0,2.8,32
0,40628,85.0,5.4,11
0,4482,95.0,6.0,43
3500000,10634,91.0,7.0,513
19000000,755,108.0,6.9,1644
50000000,11859,91.0,4.1,54
0,28387,96.0,7.0,36
0,48750,175.0,6.6,8
0,20927,87.0,5.1,27
15000000,36929,90.0,3.9,16
20000000,9102,108.0,6.1,154
0,124626,70.0,7.3,3
0,27526,111.0,6.1,74
44000000,9623,118.0,5.5,91
0,46785,85.0,7.5,20
8000000,400,116.0,6.7,87
900000,880,102.0,7.2,26
0,146599,115.0,4.5,2
0,188588,108.0,0.0,0
0,8447,118.0,6.3,17
38000000,10534,129.0,6.3,86
16000000,17414,88.0,5.1,59
0,13997,87.0,6.0,124
8169363,2086,90.0,6.1,190
0,61548,91.0,6.7,3
47000000,9095,104.0,5.7,77
14000000,12158,100.0,4.5,113
0,9283,112.0,6.6,103
50000000,9208,108.0,5.7,459
0,40154,99.0,7.5,6
3000000,406,98.0,7.9,695
0,45549,105.0,5.6,13
0,63076,106.0,6.8,4
0,11062,111.0,6.0,67
7000000,13685,91.0,6.8,285
0,47475,96.0,3.3,16
18000000,2045,106.0,5.3,22
12000000,9614,92.0,6.5,767
24000000,688,135.0,7.3,397
0,11907,104.0,5.1,5
0,10874,100.0,6.5,93
0,89333,95.0,7.0,2
0,96357,110.0,0.0,0
72000000,197,177.0,7.7,3404
1300000,103,114.0,8.1,2632
7500000,33542,91.0,6.5,245
35000000,43566,108.0,5.8,37
0,71754,114.0,7.5,2
13365000,43612,106.0,7.0,23
0,51352,117.0,7.3,4
0,16934,99.0,6.9,19
0,10324,92.0,5.4,11
25000000,78406,113.0,5.1,7
0,55731,100.0,5.2,21
0,32119,90.0,7.0,7
40000000,11066,117.0,5.4,139
0,11104,102.0,7.9,249
0,37975,113.0,6.8,29
7000000,2074,92.0,6.3,66
17000000,27793,95.0,4.4,105
0,44284,116.0,4.3,3
0,290157,87.0,0.0,0
0,110972,95.0,7.0,2
0,32622,99.0,5.6,9
0,73067,101.0,5.4,4
50000000,11863,95.0,5.1,45
0,55475,102.0,5.5,1
0,124636,87.0,0.0,0
0,9101,92.0,5.6,110
0,123360,97.0,6.5,2
0,5757,86.0,3.8,2
0,39428,91.0,7.2,5
0,124639,122.0,0.0,0
60000000,9302,119.0,5.9,51
31000000,11000,117.0,6.7,303
0,249882,125.0,7.0,2
0,16388,98.0,6.3,23
19000000,9737,118.0,6.5,1729
0,30765,81.0,5.0,31
0,10474,102.0,7.2,472
4000000,22279,113.0,6.0,11
0,30157,105.0,6.5,21
52000000,568,140.0,7.3,1637
28000000,11780,139.0,6.5,151
0,34996,82.0,6.4,46
100000000,414,121.0,5.2,1529
0,649,101.0,7.3,163
0,1873,100.0,6.4,21
2000000,5894,83.0,6.8,28
11000000,1775,91.0,5.9,57
50000000,8839,100.0,6.0,1045
25000000,20649,128.0,6.8,69
50000000,10329,109.0,5.0,214
53000000,8963,116.0,7.0,508
0,26564,119.0,7.6,71
7000000,8068,104.0,6.8,898
27000000,8512,102.0,6.3,88
90000000,1572,128.0,6.9,2094
0,13552,80.0,5.6,57
0,259209,116.0,0.0,0
55000000,6520,134.0,5.9,319
0,9073,95.0,5.5,130
20000000,10428,107.0,6.2,406
0,17447,92.0,6.5,19
25000000,9886,97.0,5.5,380
90000000,9482,96.0,5.4,643
0,19326,88.0,4.0,34
1500000,9344,91.0,6.8,280
500000,9071,89.0,7.2,64
0,8973,119.0,5.9,87
0,15730,100.0,7.0,7
0,47608,95.0,5.5,27
6000000,2293,94.0,6.8,400
15000000,9070,92.0,5.2,153
0,68274,100.0,5.6,10
2,48787,95.0,6.4,36
0,34574,93.0,5.9,12
22000000,1642,114.0,5.6,359
0,11472,103.0,5.5,171
150000,36196,94.0,5.8,14
8,11980,98.0,6.4,139
0,58372,91.0,10.0,1
0,32646,119.0,7.2,62
50000000,10533,135.0,5.5,111
0,56088,93.0,5.3,2
45000000,10802,128.0,4.9,261
7000000,10149,112.0,7.2,115
0,18402,106.0,5.7,60
35000000,9348,108.0,5.5,457
0,139408,109.0,6.6,6
42000000,281,145.0,6.8,334
0,5967,91.0,7.6,119
14000000,79593,99.0,4.6,9
0,47939,115.0,6.1,18
0,36834,111.0,6.5,112
0,9090,105.0,6.3,117
60000000,3512,100.0,5.6,217
0,52856,93.0,6.4,9
0,77350,73.0,6.0,6
20000000,9560,103.0,6.5,168
175000000,9804,135.0,5.9,1017
8000000,31611,89.0,5.1,25
30000000,65796,98.0,5.9,27
0,49805,97.0,6.0,11
0,26258,90.0,4.9,29
2800000,50797,135.0,6.7,35
0,19155,113.0,7.7,45
2500000,76,105.0,7.7,984
10000000,11017,89.0,6.2,464
0,37141,90.0,4.7,27
21000000,9382,115.0,6.3,48
0,6715,97.0,7.2,58
0,18256,95.0,5.8,40
0,22625,103.0,6.5,30
27000,2292,92.0,7.4,769
25000000,1909,97.0,6.3,184
55000000,8984,123.0,5.9,217
0,61813,0.0,2.5,1
45000000,4954,101.0,5.1,91
0,62488,0.0,5.3,9
0,10531,103.0,7.1,92
0,11929,132.0,7.1,183
16000000,8467,107.0,6.5,1894
0,10451,123.0,7.5,76
0,20156,103.0,6.5,64
0,18395,113.0,4.3,28
18000000,522,127.0,7.3,639
0,397,111.0,6.2,179
0,10525,101.0,6.1,38
0,27985,87.0,5.6,27
0,15789,78.0,6.7,404
15000000,27303,103.0,5.0,24
0,21183,96.0,6.6,48
0,10954,111.0,5.9,20
0,47867,90.0,3.0,4
0,43475,77.0,5.0,2
0,72031,109.0,5.4,9
700000,14275,171.0,7.7,91
5000000,1024,99.0,6.9,299
10500000,17207,113.0,6.0,17
120,13701,121.0,6.9,90
0,14819,100.0,6.0,97
0,32631,106.0,6.0,25
25000000,11777,100.0,5.9,112
60000000,628,123.0,7.2,1558
14000000,87729,139.0,5.2,10
0,18713,82.0,4.8,10
60000000,6280,109.0,4.7,381
0,9061,102.0,6.0,124
0,37108,89.0,4.3,40
40000000,6071,101.0,5.7,83
11000000,11,121.0,8.1,6778
18000000,9587,115.0,7.0,222
17000000,19101,97.0,7.4,207
0,49980,101.0,7.4,14
10000000,17961,100.0,6.6,22
2000000,18183,105.0,6.6,70
30000000,4476,133.0,7.2,636
0,11008,95.0,6.1,164
0,47504,98.0,6.4,31
0,32325,92.0,5.7,9
60000000,43742,108.0,4.3,11
17000000,28313,106.0,6.4,28
0,11318,107.0,6.7,67
45000000,3036,123.0,6.1,272
0,40490,96.0,5.1,40
15000000,24070,97.0,5.2,37
0,8986,108.0,5.6,49
0,10510,114.0,6.4,199
6,17402,95.0,5.6,7
5500000,38722,128.0,7.0,11
0,8438,122.0,6.9,140
0,11593,110.0,7.0,56
31000000,1945,112.0,6.1,128
0,39310,98.0,6.9,7
0,109560,93.0,0.0,0
4800000,56428,89.0,4.0,4
0,63105,83.0,4.6,10
0,131957,100.0,7.4,4
34000000,241,119.0,6.9,927
0,9058,115.0,6.4,92
0,527,99.0,7.6,106
0,18220,106.0,4.6,32
50000000,6950,127.0,6.4,522
16000000,101,110.0,8.2,4293
11000000,63020,113.0,6.6,9
0,2307,94.0,7.0,2
8000000,680,154.0,8.3,8670
0,41478,124.0,6.4,6
400000,25296,105.0,6.1,9
0,40156,98.0,6.4,32
0,11450,133.0,7.1,262
0,30304,94.0,7.4,5
0,10452,162.0,7.0,67
32000000,12106,107.0,6.2,431
22000000,161495,108.0,6.4,7
15000000,3586,133.0,5.3,33
0,110,99.0,7.8,246
0,108,98.0,7.7,311
0,109,91.0,7.3,218
0,159185,111.0,7.0,2
0,36357,85.0,5.1,15
0,92769,90.0,4.7,3
0,28033,95.0,5.0,6
35000000,22586,89.0,6.5,251
0,14334,97.0,6.1,15
45000000,2636,110.0,5.5,317
55000000,2164,121.0,6.8,942
22000000,11395,97.0,6.3,501
25000000,278,142.0,8.5,8358
0,9905,92.0,7.0,247
0,87078,96.0,6.0,7
0,12527,108.0,7.1,16
0,20306,101.0,6.7,104
32,36614,100.0,6.0,21
0,27993,91.0,5.7,23
0,31439,125.0,7.7,62
25000000,9067,98.0,5.5,140
0,9059,92.0,6.7,96
38000000,193,118.0,6.4,461
6000000,25066,98.0,5.4,33
0,46797,115.0,5.8,8
0,12122,99.0,5.6,165
0,11381,97.0,6.8,321
0,32636,119.0,6.1,15
6500000,36141,99.0,5.6,15
0,95963,88.0,6.6,4
11000000,1587,118.0,7.5,943
30000000,9271,106.0,5.4,163
17000000,2064,103.0,6.5,340
0,19855,126.0,6.3,39
0,60855,87.0,5.5,2
3000000,236,106.0,6.9,104
0,48287,94.0,5.3,23
15000000,3049,86.0,6.4,1684
0,2759,104.0,7.2,174
0,12635,100.0,6.2,37
5000000,10497,139.0,7.0,115
0,11382,98.0,7.0,130
62000000,9331,141.0,6.4,390
45000000,10731,119.0,6.4,287
0,10464,115.0,6.4,83
0,34152,115.0,6.7,31
15000000,9495,102.0,7.3,980
0,29973,128.0,6.1,29
46000000,888,91.0,5.0,559
55000000,13,142.0,8.2,8147
6000000,712,117.0,6.6,654
0,16295,127.0,6.4,49
0,48992,104.0,6.3,4
45000000,10879,123.0,5.3,41
0,10660,101.0,6.1,154
0,10714,111.0,5.9,107
0,41647,180.0,7.3,5
45000000,8587,89.0,8.0,5520
35000000,1689,140.0,6.0,76
14000000,11596,112.0,6.4,297
23000000,854,101.0,6.6,2550
0,9359,127.0,6.6,490
0,23333,125.0,6.3,20
30000000,36593,83.0,6.4,535
6000000,12280,112.0,6.1,40
11500000,2788,99.0,6.5,180
8000000,10427,98.0,6.4,71
40000000,11011,95.0,5.4,426
0,49803,98.0,4.9,7
45000000,8987,111.0,6.1,214
30000000,1637,116.0,6.8,1814
0,15128,99.0,5.5,24
27000000,8831,99.0,5.5,288
115000000,36955,141.0,6.8,1138
0,10449,126.0,6.0,71
0,10395,125.0,6.0,221
63000000,12160,191.0,6.5,203
0,40480,108.0,4.9,12
0,52038,99.0,6.5,2
0,29444,96.0,6.1,22
10000000,26352,100.0,6.0,31
0,39953,91.0,2.0,1
0,41580,110.0,5.9,9
45000,315,83.0,6.5,59
7000000,22067,119.0,5.9,9
0,18242,61.0,7.1,8
35000000,11667,102.0,4.1,330
0,32502,92.0,6.7,13
0,267188,97.0,0.0,0
0,28732,88.0,6.3,6
0,75555,98.0,3.4,7
0,42981,89.0,7.5,4
0,278939,89.0,10.0,1
0,291731,97.0,0.0,0
0,226229,92.0,4.0,1
0,203119,97.0,0.0,0
0,172923,0.0,5.0,1
0,316098,115.0,4.0,1
26000000,8011,99.0,4.5,110
0,171857,97.0,5.0,2
8000000,2654,95.0,7.1,307
0,18069,105.0,7.2,22
0,19092,96.0,6.7,40
0,2758,94.0,6.5,537
0,38129,84.0,4.5,4
34000000,10436,139.0,7.0,172
0,13595,92.0,5.8,222
17080000,46094,107.0,5.1,42
0,9409,105.0,4.9,58
0,11853,99.0,4.6,61
3200000,16771,100.0,6.6,20
40000000,46924,122.0,5.0,15
0,11041,93.0,5.0,86
50000000,306,104.0,5.5,445
0,14522,88.0,6.6,68
0,26203,106.0,6.3,45
0,178,121.0,6.0,126
0,19819,108.0,5.7,41
0,57834,101.0,6.1,28
13000000,4722,87.0,5.8,102
0,18215,107.0,4.5,59
22000000,1607,121.0,7.4,447
0,26391,80.0,4.9,28
13000000,117553,90.0,3.7,10
30000000,6075,144.0,7.7,805
0,11310,116.0,4.9,103
0,18658,107.0,5.7,25
70000000,9350,112.0,6.1,600
0,9612,88.0,4.8,228
40000000,2124,121.0,5.4,117
0,26261,93.0,5.0,36
0,19176,102.0,5.1,38
0,49299,108.0,5.4,9
0,11566,110.0,6.3,205
6900000,9571,102.0,7.4,588
57000000,9739,115.0,6.4,1018
0,24257,109.0,7.1,12
8000000,34444,96.0,4.2,29
0,26141,91.0,5.4,37
0,10997,171.0,7.8,98
0,50463,97.0,3.3,6
0,10443,122.0,6.8,80
0,20239,88.0,5.8,11
0,16297,103.0,6.1,54
0,18551,126.0,6.2,22
0,25440,101.0,4.3,3
30000000,9024,94.0,5.7,77
42000000,37233,154.0,6.6,513
20000000,1634,112.0,6.0,429
0,13815,114.0,7.6,56
44000000,5503,130.0,7.2,1240
35000000,35588,115.0,5.9,44
0,2087,115.0,5.4,81
30000000,41579,109.0,4.5,43
0,18620,83.0,3.9,5
0,41006,94.0,5.2,11
0,4916,107.0,5.6,21
18000000,2019,97.0,6.1,237
33000000,31642,140.0,6.4,51
25000000,9255,86.0,6.2,463
0,26271,95.0,4.7,12
0,10612,99.0,6.1,83
25000000,2259,140.0,6.7,135
0,16097,100.0,4.6,11
30000000,11934,111.0,7.1,280
40000000,106143,115.0,5.7,18
0,12475,91.0,4.7,54
40000000,9386,128.0,6.8,392
13000000,7984,133.0,7.6,363
0,59930,110.0,3.9,5
0,15765,118.0,6.9,75
30000000,31643,112.0,4.6,17
0,6,110.0,6.4,79
63000000,329,127.0,7.6,4956
9000000,10909,117.0,6.5,209
1500000,507,96.0,6.1,111
0,34024,103.0,6.4,33
0,29918,94.0,6.1,54
85000000,9593,130.0,6.1,725
0,42580,91.0,5.1,24
0,22317,98.0,5.7,40
0,1413,101.0,6.6,35
22000000,12121,111.0,5.3,86
0,2246,107.0,5.9,105
0,10502,114.0,6.2,125
13500000,10440,104.0,7.1,169
3500000,9516,97.0,7.2,179
55000000,2320,133.0,5.8,261
0,5879,105.0,6.5,112
0,83718,91.0,7.0,7
8000000,11971,111.0,7.2,194
0,2625,114.0,5.9,35
0,31911,98.0,5.5,11
25000000,788,125.0,7.0,1638
0,21450,131.0,7.5,105
12000000,11231,107.0,4.8,202
0,41588,112.0,4.8,5
20000000,10447,118.0,6.1,86
40000000,31586,87.0,4.8,67
4000000,9300,93.0,6.7,53
30000000,9559,138.0,7.2,376
26000000,9800,125.0,7.6,1019
7000000,713,121.0,7.1,290
14000000,8291,109.0,6.9,47
0,18133,112.0,6.0,28
0,25557,109.0,5.6,41
0,22588,108.0,5.8,12
11000000,10872,97.0,6.7,99
11500000,1245,134.0,7.5,213
40000000,11858,128.0,5.9,83
0,7007,125.0,5.8,188
0,10467,118.0,5.5,43
22000000,5550,104.0,4.2,309
20000000,8005,104.0,6.4,575
11500000,2088,100.0,5.7,36
0,10412,94.0,6.6,126
800000,47889,114.0,5.6,10
12000000,14534,114.0,7.2,187
0,56583,99.0,4.0,5
0,41878,126.0,6.2,11
22000000,424,195.0,8.3,4436
0,35233,101.0,5.3,37
0,14291,110.0,7.3,100
0,103413,105.0,5.9,8
0,11236,102.0,7.1,232
13000000,11592,95.0,6.4,137
25000000,8850,108.0,5.4,140
22000000,10445,131.0,6.8,61
0,695,187.0,6.9,136
0,43535,106.0,5.7,26
0,12519,98.0,5.2,31
0,23210,112.0,6.5,75
21000000,858,105.0,6.5,630
40000000,867,108.0,4.9,144
28000000,78,117.0,7.9,3833
0,13203,95.0,5.6,81
20000000,10442,93.0,6.1,131
30,11074,102.0,5.4,223
0,33367,113.0,4.0,4
48000000,9607,104.0,4.0,236
7400000,17585,96.0,6.1,53
50000000,9057,102.0,5.0,82
0,20967,93.0,7.4,9
0,10635,93.0,6.3,57
18000000,9479,76.0,7.6,2135
30000000,10057,105.0,6.2,219
25000000,11969,130.0,7.4,632
0,41590,107.0,5.5,5
12500000,319,120.0,7.5,762
0,26408,96.0,7.3,19
27000000,15139,80.0,6.2,178
0,161158,112.0,6.0,2
0,218473,0.0,0.0,1
0,85247,97.0,3.0,2
0,11446,88.0,6.9,103
0,51980,160.0,6.3,43
0,24405,102.0,4.7,22
0,11655,94.0,6.4,153
0,11800,95.0,4.0,3
0,8223,117.0,6.8,58
0,14587,100.0,5.1,10
0,31504,119.0,6.0,20
0,41653,102.0,6.2,10
0,53185,102.0,0.0,0
0,95743,90.0,0.0,0
0,23637,100.0,7.2,74
200000,17600,106.0,5.3,29
0,10897,82.0,6.3,214
0,349394,82.0,0.0,0
0,21352,94.0,5.0,31
0,68806,92.0,5.0,5
0,37345,97.0,4.4,5
0,32562,102.0,7.0,24
0,47507,94.0,6.8,4
0,25403,100.0,6.9,46
0,124304,106.0,6.0,1
0,9066,84.0,5.9,87
18000000,771,103.0,7.1,2487
22000000,251,127.0,6.9,1381
28000000,812,90.0,7.4,3495
100000000,280,137.0,7.7,4274
22000000,581,181.0,7.6,1084
0,80350,92.0,6.3,4
35000000,268,126.0,7.0,2145
19000000,274,119.0,8.1,4549
1488423,408,83.0,6.9,1973
25000000,10020,84.0,7.5,3029
2600000,10895,88.0,6.9,1412
14000000,114,119.0,7.0,1807
0,41043,87.0,6.0,6
6244087,576,145.0,7.7,266
0,15477,101.0,5.5,15
0,59146,113.0,6.5,1
0,124472,60.0,7.0,2
0,30528,106.0,6.1,20
0,7300,108.0,6.1,160
0,10824,93.0,5.0,64
0,261246,112.0,5.0,1
7000000,275,98.0,7.7,2080
0,25059,89.0,6.0,105
9300000,11827,90.0,6.3,150
4000000,8766,86.0,4.9,111
8000000,23570,97.0,4.6,30
0,47333,112.0,7.1,51
500000,54850,91.0,4.0,3
0,51242,100.0,7.1,10
4000000,10112,78.0,7.1,1287
0,4307,107.0,6.9,43
0,46029,118.0,5.1,24
0,32308,94.0,3.6,24
0,88893,105.0,7.5,4
0,52873,127.0,6.4,4
0,123505,90.0,5.0,1
0,340210,83.0,4.7,3
0,44281,98.0,7.4,5
0,28121,108.0,5.7,15
0,12520,92.0,6.5,82
30000000,1592,129.0,7.4,644
0,166901,89.0,6.0,1
0,36447,109.0,5.4,5
0,19042,82.0,5.0,50
0,38884,109.0,7.0,53
0,47449,80.0,6.6,5
33500000,36259,92.0,3.6,17
0,41852,109.0,5.6,14
0,40926,88.0,3.0,3
0,9099,90.0,5.5,96
0,2021,110.0,5.1,10
12000000,61752,108.0,5.7,17
0,10988,107.0,5.4,74
0,11479,90.0,6.0,145
0,398959,97.0,5.0,1
0,287305,,4.0,1
0,339428,,0.0,0
0,12652,106.0,7.1,16
46000000,10684,117.0,6.2,240
80000000,954,110.0,6.7,2677
0,68445,85.0,7.7,6
0,18989,123.0,6.2,19
0,10801,86.0,5.3,7
0,54285,100.0,6.2,10
57000000,8840,103.0,6.4,553
0,278978,,0.0,0
0,124625,93.0,0.0,0
0,11107,100.0,5.4,46
0,16417,100.0,6.0,4
0,70934,92.0,0.0,0
0,10363,115.0,7.3,73
0,161070,94.0,5.3,3
38000000,10539,79.0,6.2,375
0,10543,97.0,6.1,157
0,18414,89.0,5.9,26
13000000,47502,91.0,4.8,4
14000000,11902,170.0,7.5,143
0,27098,130.0,6.1,23
0,25087,90.0,5.2,23
0,5801,125.0,7.9,63
0,896,117.0,8.2,40
0,3065,73.0,7.0,71
0,318177,100.0,0.0,0
80000000,2300,88.0,6.5,1335
9000000,8069,98.0,5.7,149
0,288173,90.0,8.0,1
0,187851,98.0,5.5,1
0,27768,25.0,7.5,8
0,221917,0.0,8.0,2
220000,8072,100.0,6.8,100
0,35797,128.0,6.8,21
0,88030,75.0,7.5,4
0,185191,110.0,0.0,0
0,83857,96.0,5.8,9
0,33245,110.0,6.2,9
0,124460,118.0,8.0,1
0,27281,107.0,4.7,37
0,105045,115.0,5.0,1
25000000,40001,105.0,5.5,26
0,29621,94.0,3.9,18
0,117730,0.0,6.5,2
0,20762,114.0,5.8,60
0,37144,94.0,5.1,7
0,48260,88.0,7.4,5
0,12656,99.0,5.5,29
0,38867,99.0,3.3,5
0,277270,0.0,0.0,0
0,25969,90.0,6.8,24
0,44103,138.0,6.7,15
275000,753,130.0,7.1,36
0,43634,86.0,5.3,11
30000000,9103,95.0,5.3,126
0,90214,102.0,7.1,9
0,29649,99.0,5.1,7
0,10990,107.0,6.2,73
0,8866,93.0,5.7,86
31000000,12233,74.0,6.5,372
0,23449,91.0,4.9,35
25530000,36355,95.0,5.3,85
0,37667,100.0,6.0,10
0,90148,103.0,4.4,11
9000000,922,121.0,7.2,397
35000000,11876,135.0,6.7,25
0,52633,91.0,6.6,27
0,62364,106.0,5.5,5
0,11687,107.0,7.1,433
45000000,9304,117.0,5.5,158
0,73183,112.0,10.0,1
0,131232,86.0,0.0,0
15000000,9100,101.0,6.3,388
0,20759,91.0,5.1,29
0,46063,103.0,5.6,9
0,365371,95.0,0.0,0
0,32513,95.0,7.0,21
0,40651,104.0,7.7,11
25000000,36915,132.0,5.0,17
4800000,40507,99.0,5.5,5
75000000,9802,136.0,6.9,1474
0,25697,91.0,5.5,6
4000000,21588,105.0,7.0,105
92000000,664,113.0,6.1,966
0,11867,98.0,3.9,117
0,47119,102.0,5.0,1
0,314352,92.0,0.0,0
0,9323,83.0,7.8,854
0,10280,92.0,5.5,125
18000000,10535,81.0,4.9,148
0,124613,102.0,0.0,0
0,532,30.0,7.5,223
0,26744,78.0,6.6,33
0,16299,94.0,4.2,22
25000000,10547,115.0,6.1,200
0,245268,103.0,0.0,0
1800000,935,95.0,8.0,1472
0,55613,100.0,7.8,4
0,215107,88.0,0.0,0
0,41007,92.0,7.2,7
0,35645,94.0,5.8,20
0,110465,113.0,7.0,5
0,255546,91.0,10.0,1
0,40751,100.0,7.1,73
0,275096,86.0,8.0,3
0,85778,105.0,0.0,0
0,11101,134.0,7.4,116
45000000,9826,100.0,4.7,138
50000000,9879,115.0,4.4,210
0,63564,102.0,5.7,15
0,22621,105.0,7.7,11
45000000,7095,113.0,5.9,340
0,26890,103.0,6.1,32
0,46732,107.0,6.1,4
0,124633,96.0,0.0,0
0,202425,80.0,6.5,2
0,196940,80.0,5.0,1
0,77771,85.0,7.3,10
0,181083,75.0,5.0,1
0,41225,121.0,5.5,24
0,188589,109.0,0.0,0
50,87190,90.0,6.3,5
4000000,627,93.0,7.8,2737
1000000,32872,113.0,3.9,4
75000000,602,145.0,6.7,3334
0,14553,116.0,6.6,99
55000000,9566,116.0,5.7,202
100000000,10545,91.0,6.8,1182
47000000,9894,96.0,5.7,603
27000000,11543,113.0,6.7,248
100000000,9268,115.0,5.6,553
0,52059,180.0,6.7,3
54000000,9327,95.0,5.4,717
0,123763,105.0,6.8,3
0,81949,82.0,7.2,6
0,42005,97.0,0.0,0
0,124306,90.0,8.0,1
0,183955,100.0,7.0,1
0,44535,102.0,5.1,2
0,44495,80.0,6.3,3
0,78285,0.0,0.0,0
80000000,11228,115.0,5.8,385
30000000,10779,110.0,6.7,413
5000000,26748,135.0,6.9,79
12000000,38223,100.0,5.7,47
32000000,9294,123.0,6.2,328
0,49963,86.0,6.6,8
3500000,11363,96.0,5.7,71
40000000,1645,149.0,7.0,522
0,31546,88.0,6.2,9
0,77056,94.0,6.5,4
23000000,36344,109.0,5.2,32
25000000,18550,98.0,5.2,49
20000000,11511,93.0,3.6,60
0,172198,106.0,6.0,1
30000000,34170,93.0,5.4,35
0,281085,0.0,6.0,2
0,109478,89.0,4.0,1
0,124645,102.0,7.0,2
0,12606,90.0,5.8,42
0,69895,82.0,6.0,1
0,35206,104.0,7.4,8
0,151489,123.0,6.5,2
0,4837,89.0,6.5,25
0,12632,139.0,6.3,4
0,9098,100.0,5.2,9
0,282919,,4.0,1
0,124614,91.0,6.5,6
0,18975,90.0,5.0,55
13000000,11962,78.0,5.0,87
26000000,2925,102.0,6.5,172
0,28628,99.0,7.2,10
80000000,3595,117.0,6.4,482
0,9308,86.0,5.4,51
0,92381,89.0,5.4,8
0,18555,102.0,6.3,30
50000000,12123,107.0,5.3,291
36000000,10830,98.0,6.9,892
6000000,3573,121.0,6.7,152
13000000,10546,84.0,5.2,119
0,18862,108.0,5.0,32
0,31417,90.0,7.5,130
15000000,9431,87.0,5.0,63
0,124619,87.0,7.0,1
0,297645,90.0,0.0,0
0,48144,99.0,7.0,2
0,46986,85.0,7.5,4
0,144982,98.0,5.0,1
6000000,47907,117.0,6.8,17
50000000,10061,97.0,5.6,381
0,36266,123.0,6.8,23
2962051,549,108.0,6.6,97
45000000,10478,135.0,5.9,152
200000,66634,109.0,6.0,1
0,116690,98.0,6.4,12
0,213917,104.0,6.0,2
0,145925,0.0,6.0,1
0,100914,113.0,5.0,1
6000000,238,175.0,8.5,6024
0,159,90.0,6.1,34
900000,11134,95.0,6.7,109
500000,88224,88.0,6.3,9
0,132641,89.0,0.0,0
1850000,42758,108.0,6.4,10
4500000,9303,108.0,6.9,203
17000000,23945,89.0,4.9,17
0,37820,109.0,6.1,7
18000000,22479,116.0,6.1,13
53000000,9054,94.0,4.7,48
0,241058,82.0,4.0,2
0,11985,118.0,7.3,16
0,10232,101.0,4.0,2
0,59569,91.0,6.3,10
0,410921,0.0,0.0,0
0,38955,104.0,5.8,12
0,110513,90.0,5.2,3
0,114089,104.0,7.7,3
60000000,11015,110.0,5.8,130
40000000,9306,96.0,4.6,148
0,12559,101.0,5.3,28
8000000,58770,94.0,6.6,18
0,124851,89.0,5.0,2
32000000,3587,110.0,5.4,46
25000000,10723,84.0,5.4,164
0,56077,96.0,6.8,4
0,19004,71.0,6.1,86
0,101230,0.0,5.0,1
0,253632,,0.0,0
5000000,10987,88.0,5.0,173
0,44705,134.0,7.0,22
0,20318,114.0,7.1,13
0,43596,88.0,6.3,8
0,79782,110.0,7.5,4
0,26933,115.0,7.4,18
3000000,27854,170.0,6.1,41
0,981,112.0,7.7,196
2540800,872,103.0,7.9,747
2723903,2769,113.0,6.9,133
0,13320,103.0,7.0,162
2500000,164,110.0,7.6,1082
2479000,426,128.0,8.0,1162
1000000,567,112.0,8.2,1531
325000,3078,105.0,7.7,283
2068000,13528,114.0,7.2,73
520000,28288,107.0,7.2,17
4000000,213,136.0,7.8,1062
3000000,284,125.0,8.1,498
2883848,239,122.0,8.0,835
4000000,4808,113.0,7.7,351
878000,289,102.0,7.9,1462
375000,963,100.0,7.8,435
17000000,11113,170.0,7.4,361
2238813,6620,113.0,7.4,284
1500000,804,119.0,7.8,502
0,26531,93.0,7.0,22
0,909,113.0,6.8,66
2777000,630,102.0,7.4,1689
4000000,770,238.0,7.7,995
0,31044,92.0,7.1,35
1752000,599,110.0,8.2,533
839727,15,119.0,8.0,1244
10500000,62,149.0,7.9,3075
0,121357,95.0,4.8,3
1400000,705,138.0,8.0,367
1688000,22490,133.0,6.4,26
1288000,223,130.0,7.7,346
0,25670,120.0,7.0,86
2000000,303,102.0,7.8,345
1500000,4174,111.0,7.3,166
0,8356,111.0,7.1,101
2500000,381,106.0,7.1,299
0,20758,92.0,6.6,43
0,29376,112.0,7.1,46
1365000,1859,110.0,7.3,77
0,18299,130.0,7.3,55
0,17281,116.0,6.1,68
0,64382,94.0,6.6,11
2033000,10907,102.0,7.6,170
0,32093,94.0,7.1,39
1020000,1939,88.0,7.6,173
0,22292,104.0,7.3,59
4000000,3598,97.0,6.8,42
609000,3080,101.0,7.4,62
0,198,99.0,7.7,119
0,13562,94.0,7.7,69
5400000,1712,201.0,7.5,169
1,220,115.0,7.5,163
226408,3529,93.0,7.4,97
0,3085,92.0,7.5,171
6000000,2897,167.0,6.5,85
3180000,1585,130.0,8.0,1103
1500000,3083,129.0,7.9,245
1073000,900,102.0,7.6,201
0,43795,119.0,6.4,23
0,85638,115.0,8.3,4
0,50001,91.0,5.0,7
0,43905,83.0,6.4,26
0,22688,100.0,5.7,6
0,23114,102.0,6.6,13
0,26378,92.0,5.6,8
0,40206,101.0,6.2,17
0,22356,100.0,6.6,27
0,260,86.0,7.4,217
0,43488,117.0,5.2,14
0,22613,116.0,4.9,16
114000,10331,96.0,7.5,591
1300000,488,105.0,7.4,232
1000000,22733,89.0,6.2,31
3000000,261,108.0,7.6,168
0,57575,116.0,5.1,9
0,32574,122.0,7.3,52
0,22657,96.0,5.8,6
0,76464,93.0,3.8,2
4,22649,89.0,6.2,29
0,176841,65.0,6.0,1
0,125587,83.0,4.0,1
0,39448,93.0,7.4,11
0,52855,95.0,5.0,8
0,39940,115.0,6.7,19
0,172868,96.0,0.0,0
0,85328,99.0,5.3,2
0,124632,77.0,0.0,0
0,11076,107.0,6.6,114
0,63945,103.0,4.8,6
0,58985,116.0,6.5,15
0,890,127.0,6.8,6
25000000,10861,100.0,5.3,104
28000000,1770,132.0,6.8,98
0,44465,94.0,4.9,11
0,2033,119.0,0.0,0
0,18203,107.0,6.8,45
67000000,9333,101.0,6.2,263
0,47260,110.0,6.5,5
9000000,9400,118.0,6.9,66
0,9401,104.0,5.9,73
2300000,12241,88.0,6.2,29
0,25739,94.0,6.0,3
0,161806,88.0,3.0,1
38000000,11306,118.0,5.7,80
45000000,9625,92.0,4.7,102
0,10680,104.0,5.3,99
50000000,6346,113.0,5.9,62
0,18660,100.0,6.6,34
0,35115,93.0,5.9,14
0,14821,97.0,6.5,60
0,14136,107.0,6.0,126
0,10869,88.0,5.9,77
0,22660,83.0,7.0,68
0,19186,129.0,6.8,92
0,31102,134.0,6.9,50
0,6878,84.0,6.6,218
0,15944,104.0,6.2,22
0,18444,126.0,7.0,88
0,20723,112.0,6.4,28
5000000,173,127.0,6.9,160
14000000,864,98.0,6.8,510
0,24795,102.0,5.7,124
2900000,11224,74.0,6.8,1760
0,81310,25.0,7.8,20
0,15947,71.0,6.2,108
3000000,9078,79.0,6.9,935
0,29682,79.0,6.3,5
48000000,8367,143.0,6.6,937
6000000,433,139.0,7.4,1217
812000,11360,64.0,6.8,1206
10000000,11114,128.0,6.4,201
20000000,12335,117.0,6.8,260
3000000,12092,75.0,7.0,1557
12000000,10948,82.0,7.0,884
3000000,11229,110.0,6.5,95
8200000,15121,174.0,7.4,966
28000000,562,131.0,7.5,4005
10000000,10163,108.0,5.4,198
0,48862,103.0,6.2,11
0,117036,85.0,0.0,0
0,47199,95.0,5.0,7
4500000,11159,142.0,7.1,127
0,9591,108.0,6.8,230
0,30500,93.0,5.1,13
16000000,41843,125.0,5.3,21
0,55058,105.0,5.5,2
0,10938,90.0,7.3,76
65000000,11412,120.0,6.4,323
50000000,10586,109.0,6.4,238
0,42314,112.0,6.9,33
0,27845,95.0,6.7,51
0,108365,0.0,0.0,0
0,23223,101.0,6.8,8
2400000,49471,120.0,7.0,11
45000000,38153,103.0,4.0,12
7000000,25147,123.0,6.6,38
20000000,9716,101.0,6.5,149
0,43777,102.0,6.3,3
14500000,454,120.0,6.7,1406
200000,10218,94.0,6.8,255
44000000,819,147.0,7.3,729
0,38191,122.0,6.1,8
0,56830,96.0,6.0,6
0,11238,81.0,6.1,494
0,27256,88.0,5.2,3
0,31530,109.0,7.9,22
0,66473,101.0,7.0,4
0,28120,86.0,6.1,26
0,1834,95.0,7.2,48
0,26282,81.0,5.6,8
120,37218,115.0,7.4,3
3000000,252,100.0,7.4,826
0,116356,85.0,5.0,2
0,16372,100.0,7.5,126
2000000,11561,89.0,7.0,206
2000000,11302,82.0,6.7,167
7500000,623,108.0,7.1,576
4000000,583,94.0,7.7,1230
0,12614,132.0,6.9,89
0,21711,110.0,6.9,39
12000000,11575,160.0,7.2,64
2500000,475,111.0,7.6,384
0,11331,86.0,6.0,25
1400000,521,104.0,7.9,539
0,21202,135.0,4.8,3
6000000,88,100.0,7.1,1371
1200000,500,99.0,8.1,3821
6000000,792,120.0,7.5,1236
6500000,8491,97.0,6.4,255
49000000,402,127.0,6.5,869
38000000,10537,140.0,6.7,285
3705538,11386,112.0,6.9,180
12500000,9504,100.0,7.5,330
12000000,15764,151.0,7.4,149
10500000,601,115.0,7.3,3359
0,67365,80.0,6.3,4
0,25842,69.0,7.0,34
60000000,2119,107.0,5.9,359
15000000,744,110.0,6.7,1736
0,136311,97.0,6.8,5
1500000,221,111.0,7.6,351
1800000,702,125.0,7.6,291
0,25750,85.0,4.6,41
0,17642,87.0,0.0,0
0,427043,88.0,0.0,0
0,146341,105.0,0.0,0
0,9305,80.0,7.7,61
0,37616,92.0,5.4,7
0,11112,114.0,6.2,49
12500000,21612,99.0,7.3,31
0,141210,6.0,8.0,1
0,102461,90.0,6.8,8
0,36998,118.0,7.0,56
0,200383,90.0,5.2,3
0,116844,90.0,0.0,0
36000000,1630,129.0,6.8,257
0,26626,100.0,5.8,15
0,124837,105.0,5.3,2
0,11816,109.0,7.3,101
5000000,11843,113.0,6.7,138
6788000,10379,103.0,5.9,107
70000000,2756,139.0,7.1,822
1000000,790,89.0,6.4,318
6000000,1103,99.0,6.9,720
1000000,11298,91.0,6.4,165
4940939,4480,120.0,7.6,113
0,4481,120.0,7.8,103
0,49688,90.0,6.3,3
0,10765,109.0,6.0,103
400000,762,91.0,7.8,1742
0,44497,79.0,6.8,12
0,85588,93.0,8.0,1
0,278621,110.0,4.0,1
0,99479,112.0,5.0,1
500000,55049,123.0,8.0,5
0,124829,86.0,0.0,0
0,79306,96.0,0.0,0
0,356054,74.0,0.0,0
0,10548,89.0,7.3,54
0,531,30.0,7.6,266
0,104931,62.0,7.7,3
0,4483,122.0,6.7,22
0,18919,97.0,7.4,22
0,31556,79.0,6.4,17
0,26167,79.0,7.2,19
0,26174,92.0,6.4,15
0,61461,84.0,7.2,11
0,117500,110.0,4.7,3
0,218713,65.0,8.0,1
0,217802,75.0,0.0,0
0,127973,62.0,3.5,2
0,659,142.0,7.0,93
0,30892,154.0,6.8,29
0,86369,0.0,4.8,3
0,8074,100.0,7.0,33
0,124676,85.0,0.0,0
0,38554,112.0,5.1,17
7000000,49763,80.0,5.7,33
0,41326,98.0,6.0,2
0,36555,90.0,5.8,13
0,10608,102.0,6.5,44
0,11216,124.0,8.2,834
0,7452,125.0,7.3,137
0,64567,0.0,5.6,9
4000000,892,99.0,7.4,320
0,1600,97.0,7.3,154
0,26561,89.0,6.9,25
935000,975,88.0,8.2,565
0,18129,110.0,6.5,112
0,54405,113.0,4.1,4
0,150823,91.0,5.0,1
27000000,409,162.0,7.0,559
0,38251,96.0,7.4,157
645180,10161,103.0,7.5,208
1200000,1412,100.0,6.7,188
0,41768,135.0,6.7,7
3000000,10409,94.0,6.2,83
0,14285,103.0,7.9,109
0,2469,111.0,7.0,102
4,10174,119.0,6.3,32
500000,31225,71.0,8.2,67
3000000,510,133.0,8.3,3001
0,11455,86.0,6.7,201
18000000,1891,124.0,8.2,5998
16000000,2493,98.0,7.6,1518
18000000,85,115.0,7.7,3949
15000000,68,132.0,7.6,877
18500000,679,137.0,7.7,3282
1200000,429,161.0,8.1,2371
0,13446,107.0,7.4,173
350000,389,96.0,8.2,2130
15000000,947,216.0,7.8,870
2200000,185,136.0,8.0,3432
2000000,595,129.0,7.9,676
31500000,28,153.0,8.0,2112
5000000,335,175.0,8.1,1160
32350000,1892,135.0,7.9,4763
2500000,144,128.0,7.5,256
0,1092,104.0,7.9,431
25000000,769,145.0,8.2,3211
11000000,348,117.0,7.9,4564
11000000,766,81.0,7.3,852
0,175,168.0,7.6,364
11500000,11645,162.0,7.9,349
0,10835,110.0,7.6,179
806948,539,109.0,8.3,2405
27000000,525,133.0,7.5,1092
13000000,240,200.0,8.3,3418
17000000,600,116.0,7.9,2595
0,530,23.0,7.4,199
9000000,10705,137.0,7.4,73
18000000,279,160.0,7.8,1107
0,3109,129.0,7.3,118
30000000,311,229.0,8.3,1104
18000000,1578,129.0,7.7,968
4000000,703,93.0,7.8,1044
27000000,9549,193.0,7.4,241
0,1398,163.0,7.8,356
14000000,387,149.0,7.9,623
5500000,9277,129.0,7.9,639
1200000,343,91.0,7.7,266
700000,37291,107.0,6.5,24
0,490,96.0,7.9,569
0,11235,111.0,7.0,81
6400000,218,108.0,7.4,4208
3000000,763,104.0,7.4,388
18000000,9665,122.0,7.4,391
0,18971,117.0,7.3,75
0,696,96.0,7.8,600
14000000,379,115.0,7.5,431
16400000,207,129.0,8.1,2786
3000000,37247,106.0,7.6,855
829000,1480,95.0,7.6,292
0,9322,115.0,7.0,511
3000000,826,161.0,7.7,554
0,422,138.0,7.9,427
6000000,829,130.0,7.9,939
1200000,828,92.0,7.3,323
3800000,3090,126.0,7.9,285
25710,9964,91.0,6.4,196
0,3063,68.0,7.6,170
0,13667,97.0,6.8,164
19000000,694,144.0,8.1,3890
8000000,235,89.0,7.8,1568
0,832,117.0,8.0,465
3600000,765,84.0,7.5,760
4000000,5925,172.0,7.8,731
15000000,11778,183.0,7.8,943
0,4485,117.0,6.7,37
14600000,137,101.0,7.4,2358
14000000,33,131.0,7.7,1133
80000000,982,126.0,7.7,188
0,8428,105.0,7.0,86
1120175,212,118.0,7.4,234
19000000,105,116.0,8.0,6239
11000000,1633,130.0,7.6,298
12000000,11202,172.0,7.3,327
0,1554,107.0,7.2,149
8000000,149,124.0,7.8,792
16000000,8009,116.0,6.8,642
3000000,903,126.0,7.7,390
0,11673,137.0,6.8,131
2800000,3034,106.0,7.7,880
3500000,339,129.0,7.5,165
0,10404,125.0,7.8,139
2000000,914,125.0,8.1,756
2280000,756,124.0,7.2,831
730000,288,85.0,7.6,343
0,910,116.0,7.6,244
0,2640,102.0,7.3,387
5100000,16633,103.0,7.1,104
15000000,665,212.0,7.5,660
2500000,11031,82.0,7.6,413
0,11314,87.0,7.7,140
0,15143,95.0,6.9,104
48000000,89,127.0,7.6,3221
0,10322,130.0,7.7,243
22000000,783,191.0,7.4,730
17000000,10644,171.0,7.0,89
3000000,11257,117.0,6.9,164
0,14370,106.0,6.6,121
12000000,12104,95.0,7.7,363
14400000,625,141.0,7.5,180
0,8816,101.0,7.3,70
1900000,830,98.0,7.2,238
0,2323,107.0,7.1,383
0,983,129.0,7.6,148
6000000,642,110.0,7.4,659
1746964,655,147.0,7.7,282
23000000,10341,287.0,6.3,45
16000000,639,96.0,7.3,974
0,266022,86.0,0.0,0
0,168450,93.0,5.0,1
0,30180,84.0,6.8,12
0,31388,93.0,3.5,20
0,41801,119.0,5.4,10
0,66034,93.0,6.2,12
0,348138,90.0,0.0,0
0,96288,75.0,7.0,1
0,61536,135.0,6.2,8
0,18762,90.0,3.6,13
0,331367,0.0,0.0,0
50000000,8077,114.0,6.2,1664
10000000,814,97.0,7.2,571
0,41671,91.0,4.1,21
0,27214,105.0,4.0,40
0,52263,93.0,3.5,17
1500000,33519,90.0,2.8,17
0,16235,104.0,5.9,59
0,11449,117.0,6.2,192
0,41848,91.0,2.7,19
0,25944,103.0,5.8,22
5000000,24913,89.0,5.8,74
0,49126,113.0,5.8,34
0,32076,114.0,6.2,39
2500000,571,119.0,7.3,959
240000,8851,86.0,6.2,147
2000000,37843,92.0,4.9,18
0,32146,88.0,5.6,24
0,30346,77.0,6.8,47
40000000,6114,128.0,7.1,1087
393750,229,75.0,7.4,208
0,13549,116.0,6.6,58
6000000,9529,99.0,6.2,303
35000000,1598,128.0,7.0,692
0,11349,105.0,7.2,125
1800000,7340,98.0,7.0,977
0,6217,118.0,6.0,97
1800000,377,91.0,7.2,1212
0,653,94.0,7.7,373
0,28198,97.0,8.5,2
2800000,794,111.0,7.2,485
26000000,31640,101.0,5.5,34
6000000,8744,97.0,5.6,45
42000000,25189,126.0,6.5,47
0,145,159.0,7.2,213
0,2212,102.0,6.2,104
46000000,199,111.0,7.0,671
0,7863,105.0,7.3,136
1000000,12498,135.0,7.4,236
60000000,9279,89.0,5.5,583
0,53234,128.0,5.8,15
0,17204,150.0,7.9,38
40000000,21539,124.0,5.4,55
2535000,85589,118.0,6.4,5
3000000,12709,102.0,7.4,30
25000000,20539,124.0,6.7,134
54000000,11674,103.0,5.6,722
0,199512,0.0,5.5,2
0,64900,112.0,5.0,1
70000000,1573,124.0,6.6,1920
35000000,152,132.0,6.2,541
27000000,174,113.0,6.7,421
30000000,172,107.0,5.6,384
12000000,154,113.0,7.3,688
18000000,157,105.0,6.4,443
24000000,168,119.0,6.9,490
80000000,364,126.0,6.6,1706
13000000,11967,107.0,6.6,262
20000000,9086,132.0,6.3,165
6000000,621,110.0,7.2,1633
13200000,9037,115.0,4.9,185
12000000,10173,94.0,5.6,100
0,55687,77.0,3.9,19
0,168535,97.0,6.0,1
35000000,8845,103.0,6.1,405
0,46681,80.0,7.1,13
7000000,578,124.0,7.5,2628
20000000,579,116.0,5.9,412
20500000,17692,99.0,4.2,266
0,17795,101.0,6.3,46
70000000,75,106.0,6.1,1544
3000000,13891,104.0,6.8,27
50000000,9390,139.0,6.7,941
6000000,378,94.0,7.2,548
0,10896,112.0,6.8,38
0,2322,126.0,6.7,301
0,41240,97.0,7.3,19
0,26949,113.0,6.0,28
23000000,9819,98.0,6.6,130
0,49799,96.0,0.0,0
0,31908,130.0,6.2,40
0,46027,113.0,6.6,24
12000000,3179,81.0,6.5,169
0,1802,111.0,7.0,40
14000000,4232,111.0,7.0,1520
40000000,9361,112.0,7.1,747
0,2928,105.0,5.5,174
0,30285,129.0,5.8,18
0,10549,242.0,7.3,118
0,58102,112.0,7.0,6
1300000,18451,106.0,6.4,9
0,27265,104.0,6.8,19
0,49935,117.0,7.0,5
55000000,8818,134.0,5.9,122
0,36758,144.0,6.3,46
0,36040,95.0,7.4,111
0,74239,127.0,6.4,4
0,9415,107.0,5.8,130
500000,55146,113.0,0.0,0
0,303693,94.0,0.0,1
0,12145,93.0,6.0,95
0,42424,98.0,4.2,16
55000000,34314,100.0,5.2,63
0,2892,105.0,7.7,3
0,9404,107.0,6.5,101
0,85242,95.0,6.0,1
0,9622,88.0,5.5,176
55000000,8860,117.0,5.3,136
0,197537,0.0,4.5,2
0,66597,103.0,6.1,4
0,14832,105.0,7.2,23
116000000,9619,108.0,5.8,445
0,40506,105.0,5.3,10
0,31000,96.0,5.0,47
0,4104,98.0,6.9,220
8000000,26306,106.0,6.7,21
0,203829,90.0,0.0,0
0,43775,105.0,8.0,3
0,14908,108.0,4.4,27
0,784,105.0,7.5,46
0,12489,91.0,6.8,55
0,168283,72.0,0.0,0
0,16448,84.0,7.4,66
0,55936,99.0,6.6,14
16000000,17894,105.0,5.2,53
0,28059,121.0,6.4,32
0,58911,95.0,4.3,2
17000000,17949,82.0,5.0,35
0,1968,109.0,5.8,133
0,61563,96.0,6.0,10
50000000,66,121.0,6.4,226
0,20735,89.0,3.9,11
25000000,11419,93.0,6.0,175
0,333165,0.0,7.0,2
0,25796,105.0,7.1,15
15000000,638,134.0,7.5,572
30000000,25624,140.0,6.7,31
35000000,9366,127.0,7.4,1175
0,60083,0.0,3.3,4
0,21915,79.0,5.6,29
0,90928,0.0,6.3,8
0,50091,74.0,5.0,1
8000000,18420,97.0,5.6,14
1000000,19952,90.0,5.6,8
0,9446,97.0,4.9,122
3000000,28005,117.0,5.7,36
28000000,9403,109.0,6.7,106
10000000,27322,104.0,8.1,12
68000000,10003,116.0,5.9,310
35000000,9311,121.0,6.6,61
0,11844,100.0,5.9,15
10000000,884,100.0,6.5,224
0,49806,87.0,6.2,11
45000000,1624,86.0,6.4,1456
0,88423,93.0,5.0,1
20000000,16052,127.0,7.1,115
90000000,4477,107.0,5.9,300
32000000,24662,75.0,7.1,25
0,18423,90.0,4.2,13
0,76996,78.0,5.8,9
10000000,6499,99.0,4.6,60
35000000,50512,108.0,6.4,26
30000000,9405,93.0,4.4,163
0,12723,110.0,6.4,43
45000000,9360,89.0,4.8,624
0,9434,107.0,6.9,278
0,118991,113.0,4.9,5
0,21626,78.0,7.0,21
0,13982,95.0,5.4,39
0,93946,102.0,6.8,6
16000000,77223,122.0,6.2,21
0,31465,101.0,5.9,6
0,12793,93.0,5.9,15
0,102878,92.0,8.0,1
0,105763,100.0,3.5,2
0,9611,92.0,6.0,160
0,47694,130.0,7.2,6
90000000,10357,104.0,5.2,387
0,9977,101.0,5.3,9
16500000,816,94.0,6.5,1033
36000000,2163,95.0,6.6,202
0,124680,92.0,7.0,2
0,16399,88.0,5.3,5
0,124843,92.0,4.0,4
0,31017,106.0,5.7,15
0,24645,87.0,0.0,0
0,49478,103.0,4.7,9
85000000,12499,89.0,5.1,77
90000000,18,126.0,7.3,3962
0,68545,105.0,8.0,1
0,1811,82.0,6.3,27
0,109614,98.0,3.9,6
0,60082,105.0,5.0,7
0,105045,115.0,5.0,1
0,53023,79.0,7.0,21
2000000,64802,108.0,5.7,10
0,11239,136.0,7.2,35
0,50850,88.0,3.2,5
0,15321,99.0,6.6,29
0,2058,100.0,6.1,112
0,9450,107.0,6.9,53
0,125021,94.0,8.0,2
73000000,330,129.0,6.2,2528
0,38523,97.0,7.5,11
0,16375,96.0,6.4,22
0,33660,93.0,5.7,17
0,59232,119.0,6.9,7
0,45671,100.0,6.3,7
0,17770,98.0,5.3,17
0,15170,84.0,3.9,13
75000000,1701,115.0,6.5,1289
0,201445,107.0,4.0,1
0,26422,126.0,6.9,41
0,124642,89.0,0.0,0
160000000,1639,121.0,4.1,439
500000,49235,95.0,6.0,1
0,106129,80.0,6.0,1
0,291634,0.0,0.0,0
0,107743,102.0,5.5,2
125000000,415,125.0,4.2,1447
0,47686,97.0,7.7,10
0,65889,98.0,6.3,4
0,11103,92.0,5.8,39
85000000,11970,93.0,7.3,1741
0,34941,92.0,6.7,7
0,407992,113.0,8.0,2
38000000,8874,105.0,6.4,606
0,17991,83.0,5.6,24
0,11956,91.0,6.1,16
900000,266,103.0,7.5,138
80000000,754,138.0,6.8,1612
0,37567,93.0,7.2,6
0,43771,75.0,7.5,6
0,124834,80.0,7.0,3
0,249358,110.0,0.0,0
0,111367,84.0,8.0,3
90000000,607,98.0,6.9,4521
0,18080,106.0,5.8,20
0,38225,106.0,5.8,28
28000000,17834,86.0,5.5,46
90000000,686,150.0,7.2,1338
0,65046,101.0,6.0,4
50000000,4421,125.0,6.0,404
20000000,9387,129.0,6.6,663
55000000,10603,92.0,5.4,508
15000000,2142,104.0,6.6,384
60000000,8413,96.0,6.4,752
40000000,10336,96.0,5.0,344
3000000,20737,98.0,5.3,108
19000000,9413,105.0,5.1,114
0,14585,97.0,6.8,45
0,18519,86.0,5.6,76
0,49462,83.0,7.4,15
75000000,8834,135.0,6.5,440
50000000,9458,100.0,5.9,60
16000000,8854,97.0,4.2,49
18000000,38295,100.0,5.3,26
30000000,22073,130.0,6.5,33
0,37244,84.0,5.2,20
30000000,4961,105.0,5.7,255
0,9416,97.0,6.0,90
0,26180,101.0,5.6,56
0,17832,95.0,5.2,39
85000000,9772,124.0,6.2,859
20000000,6072,119.0,6.5,141
30000000,1669,134.0,7.2,971
2500000,468,104.0,7.1,218
0,32519,86.0,4.4,10
0,108401,86.0,5.3,3
35000000,10806,90.0,6.3,181
0,9433,117.0,6.8,359
50000000,6623,124.0,5.8,263
35000000,2118,138.0,7.7,1340
70000000,978,136.0,7.0,644
27000000,9437,115.0,6.2,353
0,29461,114.0,6.6,19
0,56651,87.0,5.0,1
5000000,10351,90.0,5.6,114
0,66588,105.0,5.7,11
50000000,2649,129.0,7.5,1556
60000000,14289,105.0,5.0,91
19000000,10155,125.0,6.5,185
0,75250,124.0,3.8,3
0,20457,97.0,6.1,18
0,18355,119.0,6.6,41
0,33657,98.0,3.2,6
0,55306,112.0,6.5,19
18000000,68924,112.0,6.9,181
0,36434,91.0,5.8,6
250000,2255,113.0,6.7,441
0,28353,93.0,5.4,9
3500000,9427,91.0,6.9,372
0,172545,98.0,0.0,1
0,17589,105.0,6.6,45
17000000,3597,100.0,5.6,698
57000000,1813,144.0,7.2,1414
16000000,36797,95.0,5.4,36
12000000,12628,94.0,5.6,26
1500000,33344,85.0,6.3,30
0,25099,83.0,8.3,8
0,45019,115.0,7.4,5
0,63437,101.0,6.3,6
0,62422,106.0,3.8,3
36000000,782,106.0,7.5,1846
0,29911,99.0,6.2,25
0,9827,91.0,5.2,110
0,1959,113.0,6.5,12
0,251481,0.0,0.0,0
12000000,8067,103.0,6.2,130
0,125052,86.0,4.8,4
0,45153,109.0,6.3,29
37000000,10871,118.0,5.8,52
0,14398,102.0,6.5,32
10000000,10890,106.0,6.5,253
0,99002,103.0,8.0,7
18000000,1281,85.0,6.3,602
0,32332,92.0,5.2,16
50000000,9770,114.0,5.9,81
24000000,12616,102.0,5.7,24
0,34838,100.0,6.4,5
0,14905,103.0,6.5,22
0,14583,106.0,6.6,16
40000000,11975,135.0,6.7,239
15000000,4995,155.0,7.5,812
12000000,9281,113.0,7.0,390
0,45928,108.0,6.3,7
105000000,563,129.0,6.7,1584
0,61337,107.0,6.1,9
11000000,19931,139.0,7.1,34
0,31535,95.0,2.7,13
6000000,10215,99.0,6.6,363
30000000,9823,95.0,3.8,225
60000000,37165,103.0,7.8,4702
0,45609,102.0,6.9,34
0,38904,97.0,5.4,7
0,45565,88.0,5.0,10
48000000,9407,122.0,5.9,79
60000000,4824,124.0,6.1,536
53000000,9444,94.0,7.4,1481
20000000,9414,97.0,6.5,126
70000000,8078,109.0,5.9,1388
1000000,29938,85.0,4.5,2
36000000,11831,155.0,6.8,324
5000000,2895,134.0,6.1,39
0,39177,98.0,6.2,10
0,19601,105.0,6.3,34
0,124606,98.0,6.0,1
0,42832,107.0,5.4,7
0,22797,110.0,6.7,36
20000000,2639,96.0,7.3,188
80000000,9574,93.0,5.3,707
35000000,10371,115.0,5.6,43
10000000,489,126.0,7.9,2880
0,167738,91.0,6.0,1
0,293820,0.0,0.0,0
32000000,9714,102.0,5.1,632
0,102406,101.0,0.0,0
0,170430,94.0,0.0,0
35000000,8197,155.0,6.3,161
38000000,6283,98.0,6.2,297
0,279698,0.0,0.0,0
0,49728,82.0,5.0,14
0,64562,0.0,10.0,1
24000000,4233,120.0,6.1,856
0,191874,94.0,0.0,0
5000000,10217,112.0,6.8,108
0,438108,101.0,0.0,0
200000000,597,194.0,7.5,7770
110000000,714,119.0,6.0,941
0,52537,100.0,4.5,1
0,12799,85.0,6.6,4
0,62394,115.0,0.0,0
80000000,9922,177.0,6.1,306
60000000,547,170.0,6.7,296
0,25994,108.0,6.9,10
12000000,184,154.0,7.3,1580
28000000,9746,134.0,6.8,92
30000000,9438,84.0,3.9,75
15000000,115,117.0,7.8,3001
0,26941,119.0,7.2,5
0,27103,88.0,7.2,28
25000000,9410,111.0,6.4,131
0,32302,93.0,3.9,38
0,216794,80.0,0.0,0
0,88863,97.0,4.3,4
0,154821,0.0,0.0,0
19000000,41417,89.0,4.7,17
0,12538,93.0,5.8,76
15000000,586,97.0,6.7,273
27000000,2666,100.0,7.2,838
0,46338,100.0,0.0,0
0,54007,101.0,4.9,16
70000000,11258,97.0,5.5,181
8000000,9490,82.0,6.4,179
0,9411,124.0,6.6,346
3000000,25719,109.0,7.0,23
0,9033,87.0,5.9,49
0,11220,96.0,7.7,113
0,21253,110.0,7.3,22
25000000,6116,93.0,4.7,124
45000000,9457,106.0,6.0,155
0,281289,108.0,5.5,2
0,43911,89.0,2.0,1
0,39424,104.0,5.7,14
0,44361,73.0,7.6,14
30000000,11702,87.0,6.0,128
0,2923,94.0,5.8,14
1000000,12238,93.0,5.7,60
28000000,11568,123.0,5.2,166
0,41577,87.0,6.6,29
0,66894,90.0,6.8,4
18000000,11003,95.0,6.5,603
75000000,10153,134.0,5.8,483
0,49645,145.0,7.2,3
0,47112,96.0,0.0,0
0,102732,90.0,6.0,1
0,30949,114.0,5.7,29
50000000,2898,139.0,7.2,946
1000000,9558,103.0,6.5,130
0,83593,90.0,0.0,0
0,320011,89.0,0.0,0
0,26269,94.0,6.1,36
60000000,11808,131.0,6.2,383
0,6970,106.0,6.4,7
0,47452,93.0,6.9,11
0,18205,140.0,6.4,12
0,36943,96.0,5.0,1
0,21736,44.0,6.3,20
0,17941,95.0,5.9,44
0,10668,106.0,6.7,86
0,9313,132.0,6.3,1052
27000000,42807,113.0,5.9,44
20000000,617,108.0,6.3,454
0,36568,91.0,6.0,83
0,37272,97.0,5.6,7
0,5910,103.0,7.6,118
65000000,9440,143.0,6.1,97
0,53092,93.0,7.7,9
6000000,32911,88.0,5.2,12
0,44308,117.0,5.9,6
0,124821,106.0,6.0,1
1000000,32456,84.0,5.4,25
0,93350,96.0,5.8,4
0,62695,77.0,7.0,1
147773,32144,110.0,5.8,5
15000000,17127,111.0,5.6,75
24000000,40688,93.0,4.1,19
0,17133,102.0,5.5,16
0,19848,104.0,6.2,15
0,17644,76.0,2.9,8
0,1774,91.0,6.2,24
0,30265,99.0,5.8,9
80000000,2157,130.0,5.0,395
0,70581,96.0,5.1,5
60000000,8838,111.0,6.0,374
10000000,29193,110.0,7.1,74
55000000,795,114.0,6.5,537
8000000,16980,113.0,6.8,50
0,27472,97.0,6.1,28
0,47881,103.0,5.1,33
25000000,9469,136.0,6.7,140
0,12488,114.0,5.7,37
0,98499,103.0,5.0,1
0,81367,78.0,5.6,16
0,267,103.0,7.2,89
5000000,16148,116.0,6.0,56
9000000,21252,128.0,7.1,35
0,73135,114.0,0.0,0
29000000,9449,86.0,5.8,136
0,6264,91.0,4.7,10
0,90414,86.0,6.0,1
67000,188870,85.0,9.0,2
0,215373,95.0,6.0,1
10000000,78149,86.0,3.0,9
0,15513,93.0,5.9,16
0,31220,94.0,4.3,28
0,13907,95.0,5.9,30
0,29825,105.0,5.5,13
12716953,10622,113.0,6.2,129
0,30020,95.0,7.1,78
4500000,17139,122.0,7.7,25
0,34582,83.0,5.7,6
35000000,10216,93.0,4.5,161
0,9771,107.0,4.3,20
0,24560,91.0,5.9,9
0,76330,105.0,6.2,5
13000000,9448,91.0,6.1,112
0,38618,83.0,3.3,10
0,18316,88.0,5.2,45
0,78373,97.0,10.0,1
0,77514,100.0,5.0,3
0,49474,81.0,0.0,0
0,4415,134.0,7.1,157
0,39467,109.0,5.2,9
0,55561,96.0,5.6,13
75000000,8656,120.0,5.9,870
0,209345,98.0,0.0,0
13000000,58680,84.0,5.5,10
0,35161,91.0,5.7,9
7000000,35796,101.0,7.3,32
40000000,18937,86.0,6.9,193
130000000,929,139.0,5.3,1075
30000000,9452,108.0,6.3,66
18500000,1878,118.0,7.2,1321
5000000,9844,105.0,5.9,56
0,40505,93.0,5.4,8
0,14342,90.0,5.5,57
0,9715,114.0,5.8,82
0,26610,96.0,6.6,55
0,20064,99.0,7.4,3
0,40961,93.0,5.9,14
60000000,1965,107.0,6.3,320
0,312,109.0,6.5,12
70000000,6068,98.0,5.6,343
10000000,15037,100.0,6.1,122
0,50043,108.0,5.9,10
0,37636,101.0,6.3,32
0,17044,111.0,7.0,3
0,60951,91.0,5.8,5
180000,21334,89.0,7.8,113
0,416437,82.0,0.0,0
0,32284,90.0,6.1,12
0,51955,92.0,0.0,0
0,37410,137.0,6.9,29
0,47481,90.0,4.0,3
0,53765,105.0,6.1,10
90000000,10674,88.0,7.6,2089
0,136134,102.0,7.0,2
66000000,846,121.0,6.6,494
0,12655,97.0,6.5,2
71000000,3050,85.0,5.4,705
48000000,1389,123.0,6.5,338
0,11020,115.0,7.1,156
0,20862,89.0,6.7,25
0,108548,95.0,6.0,5
1500000,9464,110.0,7.2,172
140000000,95,151.0,6.5,2540
140000000,944,127.0,6.3,782
0,35680,89.0,5.1,46
40000000,11551,110.0,6.2,522
60000,473,84.0,7.1,600
0,102304,112.0,8.3,2
23000000,544,119.0,6.5,1616
60000,10513,79.0,4.4,137
2000000,28966,141.0,7.0,59
379000,65203,100.0,5.0,20
1250000,143,133.0,7.5,166
0,42861,123.0,5.1,22
700000,33680,112.0,6.5,67
1180280,56164,110.0,4.6,17
1950000,12311,132.0,7.1,72
0,43277,176.0,6.2,19
0,43278,116.0,6.6,19
1644736,34106,126.0,7.2,79
1250000,43266,118.0,6.9,76
1344000,27367,134.0,6.7,47
0,17661,130.0,6.9,37
1250000,28580,101.0,7.4,115
2100000,887,172.0,7.6,148
2000000,33667,118.0,6.8,48
750000,23383,155.0,7.1,48
0,25430,109.0,6.3,51
4000000,27191,152.0,6.6,51
1650000,11426,118.0,7.2,137
910000,654,108.0,8.0,368
343000,15919,90.0,7.2,75
6000000,1725,152.0,7.0,399
1000000,5769,128.0,6.1,40
3900000,874,120.0,7.5,90
2000000,10633,109.0,7.5,207
10000000,17917,153.0,7.0,106
3600000,3116,113.0,7.4,307
1800000,1051,104.0,7.4,435
1000000,1366,119.0,7.5,1843
8000000,12102,105.0,7.4,483
6000000,16619,124.0,7.4,147
5500000,9443,123.0,6.9,213
8000000,11050,132.0,6.9,178
31000000,606,161.0,7.0,290
23000000,746,163.0,7.4,362
25000000,380,133.0,7.6,1762
7500000,403,99.0,7.0,358
1500000,11485,85.0,7.0,177
2500000,466,114.0,6.5,88
1500000,13820,92.0,6.7,146
225000,15389,98.0,7.0,39
25000000,13597,101.0,7.1,618
1000000,2108,97.0,7.8,2189
3000000,10014,87.0,5.7,367
5000000,10072,96.0,6.5,363
7000000,10131,99.0,5.8,287
8000000,10160,89.0,5.5,251
11000000,11284,89.0,5.1,280
550000,4488,95.0,6.4,622
1250000,9725,87.0,6.0,321
4000000,9728,95.0,5.7,257
2600000,9730,91.0,5.9,241
2200000,9731,92.0,5.1,200
3000000,10225,86.0,5.7,219
2800000,10281,88.0,5.3,196
5000000,10283,100.0,4.8,194
300000,948,91.0,7.4,1066
2500000,11281,92.0,6.4,370
2500000,10676,98.0,5.0,232
5000000,11357,88.0,5.9,212
5000000,11361,96.0,5.3,187
1000000,36599,92.0,6.0,85
0,39929,97.0,6.0,35
0,41828,97.0,5.1,15
0,41769,92.0,4.4,15
9000000,10585,87.0,6.3,605
13000000,11186,84.0,5.8,323
13000000,11187,90.0,5.5,274
10700000,609,114.0,7.1,811
19000000,11133,91.0,5.8,172
10500000,10306,98.0,4.6,127
8000000,9552,122.0,7.5,2046
14000000,11586,118.0,4.5,137
0,11587,110.0,6.1,135
15000000,941,110.0,7.0,1367
25000000,942,114.0,6.7,1066
35000000,943,118.0,6.4,824
11000000,927,106.0,6.9,1629
50000000,928,106.0,6.3,664
19000000,9340,114.0,7.4,1563
95000000,9342,136.0,6.3,1211
0,38509,105.0,5.4,18
0,60033,100.0,0.0,0
0,12101,97.0,6.8,305
92620000,19,153.0,8.0,666
40000000,165,108.0,7.4,3926
40000000,196,118.0,7.1,2978
5000000,551,117.0,7.3,274
0,16084,95.0,6.3,64
0,17984,96.0,6.7,41
0,22328,88.0,6.3,18
0,32611,106.0,5.8,18
858000,3170,70.0,6.8,1450
2000000,346,207.0,8.2,892
14000000,859,119.0,7.1,267
40000000,841,137.0,6.5,576
7000000,11051,164.0,7.0,206
54000000,242,162.0,7.1,1589
1227401,1411,100.0,6.4,15
62000000,9769,137.0,7.0,288
15000000,9424,84.0,5.5,104
10000000,9835,84.0,5.4,52
70000000,857,169.0,7.9,5148
0,17539,92.0,5.2,11
0,44322,90.0,8.3,3
0,22777,89.0,5.7,13
0,20173,96.0,5.2,10
25000000,10957,80.0,6.5,228
20000000,9570,98.0,6.1,132
0,16249,106.0,6.9,42
13000000,13962,93.0,5.1,87
0,14612,101.0,7.0,28
0,19378,104.0,5.6,27
5000000,65157,83.0,5.9,10
0,29228,91.0,5.8,28
0,19379,90.0,5.6,37
0,11164,106.0,5.8,135
0,18887,93.0,6.7,35
0,40866,96.0,6.3,6
0,24736,100.0,6.3,15
0,10122,90.0,6.9,227
0,24816,85.0,5.8,23
14000000,9994,74.0,6.9,334
0,25445,172.0,5.8,8
0,12129,110.0,5.3,48
0,14140,105.0,5.9,65
28000000,10439,96.0,6.5,491
40000000,11158,89.0,4.8,272
32000000,9354,93.0,6.1,756
0,28736,90.0,5.7,11
0,34774,98.0,6.2,20
0,37969,80.0,6.3,22
50000000,9631,140.0,6.8,593
0,9820,127.0,6.8,768
0,14013,103.0,5.9,150
0,36606,97.0,7.0,19
0,96196,115.0,6.8,8
0,98505,91.0,4.7,3
160000,1779,91.0,7.4,92
15000000,10849,82.0,7.3,206
0,678,97.0,7.6,111
11000000,907,197.0,7.4,252
0,5961,188.0,7.3,138
0,47908,108.0,7.3,12
0,42121,92.0,6.1,22
0,2887,140.0,5.8,24
18000000,11974,101.0,6.6,312
0,20348,91.0,6.6,39
0,26648,118.0,6.6,53
144,11911,144.0,7.1,33
6000000,793,120.0,7.7,758
0,35144,101.0,6.4,27
4000000,9325,78.0,7.1,1791
0,43037,97.0,6.4,6
0,10340,76.0,6.9,1241
40000000,10144,83.0,7.2,1921
10000000,10414,101.0,6.4,203
0,10437,85.0,7.2,217
15000000,15300,121.0,6.2,66
4000000,12230,79.0,6.8,1643
0,13380,88.0,5.7,15
4000000,10693,77.0,7.0,1380
20000000,11335,114.0,5.3,157
37931000,11135,77.0,6.6,303
1200000,11319,78.0,6.7,609
0,14822,95.0,5.6,38
0,15969,69.0,5.7,447
25000000,13155,109.0,6.6,122
42000000,10249,108.0,6.3,265
0,15943,91.0,5.4,15
6000000,10882,75.0,6.8,1332
19000000,24808,95.0,6.6,38
0,19762,100.0,6.7,16
0,13850,91.0,6.9,69
8000000,2619,111.0,6.1,328
0,65158,102.0,6.1,7
4986,53565,8.0,7.4,76
32000000,41841,98.0,6.6,15
0,27332,103.0,5.9,9
17000000,97,96.0,6.6,717
0,10419,112.0,6.7,63
17000000,11675,86.0,5.7,306
0,2107,95.0,6.4,88
0,6471,94.0,7.0,272
0,9442,89.0,6.5,104
10100000,11591,93.0,6.2,131
0,13697,134.0,6.8,51
10500000,19158,89.0,4.5,52
10000000,227,91.0,6.9,293
28000000,87,118.0,7.1,2841
4000000,123,132.0,6.1,187
0,9314,113.0,6.8,311
10000000,11336,103.0,6.9,320
10000000,9980,97.0,5.5,170
0,10657,120.0,5.9,136
5000000,10489,91.0,5.7,194
800000,10823,93.0,5.6,243
13800000,11497,89.0,6.3,244
30000000,2907,99.0,6.7,871
26000000,9454,121.0,6.8,408
73000000,8688,98.0,5.8,331
300000,118452,94.0,3.0,1
0,16155,88.0,6.3,17
0,48894,108.0,6.5,3
7200000,23954,104.0,6.7,58
0,12761,90.0,7.8,83
7500000,396,131.0,7.8,199
0,14367,102.0,6.6,169
0,11814,94.0,6.4,375
18000000,16081,152.0,6.0,42
0,18331,107.0,6.6,90
0,15171,94.0,6.2,100
1000000,11837,88.0,7.3,159
7000000,11704,82.0,7.5,186
15000000,11639,93.0,7.3,233
9000000,4978,80.0,6.6,344
0,10380,75.0,6.2,180
25000000,11976,94.0,6.2,282
6500000,15144,93.0,6.9,455
0,11522,96.0,6.6,313
0,11557,110.0,6.0,133
15000000,13853,98.0,4.7,28
3000000,11415,93.0,5.8,144
0,37530,88.0,5.0,66
5000000,8393,109.0,7.1,251
0,11937,98.0,6.5,91
0,21661,90.0,4.6,41
60000000,9320,89.0,4.4,205
20000000,33644,124.0,6.0,24
5000000,14662,91.0,6.5,45
0,125124,101.0,0.0,0
0,115872,100.0,5.3,3
0,39930,84.0,5.8,5
111000,10692,83.0,6.8,142
3200000,805,136.0,7.5,892
27000000,34584,102.0,7.0,1031
32000000,34636,89.0,5.5,193
90000,2182,87.0,4.7,74
0,28070,83.0,3.5,21
5000000,77469,100.0,5.9,17
0,10278,109.0,6.5,40
45000000,36647,120.0,6.5,1950
0,17915,126.0,5.6,24
0,14557,96.0,5.6,49
0,9417,87.0,5.7,91
0,41469,96.0,6.0,21
0,19381,97.0,6.4,23
0,34637,90.0,6.3,20
15000000,4011,92.0,7.1,1475
0,161795,117.0,8.0,1
1500000,1580,80.0,7.8,539
2000000,5854,121.0,6.7,86
3500000,573,116.0,7.2,162
4000000,2370,143.0,6.1,78
3000000,5780,128.0,6.4,120
2135161,506,130.0,7.2,233
1200000,22527,105.0,6.9,105
2500000,574,120.0,7.3,276
1200000,11219,99.0,6.9,152
0,30159,95.0,7.0,82
1200000,845,101.0,7.6,379
0,1978,110.0,6.8,61
13000000,3682,106.0,5.5,138
250,51942,72.0,7.5,12
0,46702,116.0,6.4,12
0,54795,101.0,6.3,3
0,46748,52.0,7.4,7
35000000,847,126.0,6.9,484
25000000,117,119.0,7.6,1424
0,14577,82.0,6.5,66
33000000,37498,91.0,4.7,65
0,38621,103.0,7.0,15
0,59138,75.0,8.5,2
0,28047,107.0,5.2,14
0,4175,108.0,6.1,27
4258000,31667,125.0,6.3,42
1590000,13321,96.0,7.3,112
0,21734,108.0,7.5,219
0,31997,108.0,6.8,91
0,24197,95.0,5.7,36
1103000,11462,99.0,7.1,140
0,31995,108.0,5.6,43
0,940,96.0,7.5,183
0,2762,83.0,6.8,42
0,12684,76.0,6.7,60
0,2761,86.0,6.7,36
0,8208,75.0,6.4,73
0,52907,81.0,4.8,11
0,15007,63.0,5.3,19
0,36049,83.0,5.5,16
0,52748,77.0,4.9,15
0,75793,86.0,3.8,2
0,47695,85.0,5.1,11
0,31930,104.0,6.3,19
0,20213,100.0,5.4,13
0,543,84.0,6.8,45
0,36054,93.0,5.6,13
0,143750,18.0,10.0,1
0,52782,110.0,6.3,11
0,36055,79.0,5.4,15
0,36056,116.0,6.1,16
12000,2760,99.0,7.2,49
0,64398,75.0,5.7,10
12000000,10220,121.0,6.9,451
250000,431,90.0,6.9,1101
0,31641,98.0,6.5,10
0,223318,82.0,0.0,0
0,69848,121.0,9.3,2
20000000,22796,114.0,6.5,52
25000000,22256,117.0,6.4,20
0,37550,116.0,8.8,10
0,37916,116.0,7.4,36
0,21873,96.0,6.2,31
0,21500,98.0,5.8,38
0,84116,97.0,5.8,7
20000000,12626,133.0,6.8,101
0,37818,108.0,4.3,4
28000000,3525,114.0,6.5,242
0,129628,94.0,5.3,2
10000000,2321,104.0,5.8,67
0,2028,100.0,7.2,244
0,16384,97.0,6.0,72
0,91217,115.0,6.6,10
0,77314,,0.0,0
42000000,10699,117.0,6.3,100
0,11597,118.0,5.0,173
0,218624,90.0,0.0,0
0,47947,96.0,5.2,13
800000,48311,85.0,5.1,8
0,44772,102.0,5.4,13
0,14347,100.0,5.9,49
0,41090,109.0,5.9,15
0,18282,89.0,6.4,54
0,18169,113.0,5.6,51
0,11082,97.0,5.9,79
20000000,5971,106.0,5.6,106
40000000,11933,94.0,5.0,88
0,20096,107.0,5.6,35
8000000,30815,104.0,5.3,43
40000000,881,138.0,7.1,899
38000000,4478,117.0,5.8,300
0,22318,88.0,6.0,32
0,53113,127.0,6.2,27
33000000,2109,98.0,6.8,1254
0,122289,94.0,6.0,2
2000000,24746,91.0,5.8,36
0,72987,127.0,7.0,5
0,193103,94.0,0.0,0
55000000,8195,122.0,6.8,670
14000000,9877,99.0,5.6,293
0,26618,104.0,6.3,39
0,21132,93.0,6.3,8
0,11855,87.0,6.0,52
25000000,24016,138.0,6.4,51
0,14785,119.0,7.1,11
0,14794,111.0,7.2,80
0,3486,108.0,4.4,12
23000000,11071,94.0,6.8,111
15000000,1091,109.0,7.8,1629
8000000,10403,124.0,6.9,169
10000000,11337,89.0,6.9,96
20000000,162,105.0,7.5,3731
12000000,25723,87.0,5.8,24
0,73351,89.0,6.6,4
60000000,8916,83.0,6.0,1320
0,28134,101.0,6.0,18
17000000,9429,81.0,5.9,202
85000000,12159,113.0,6.8,596
1100000,27791,86.0,4.7,36
0,43106,84.0,7.2,7
947000,30197,88.0,7.3,177
11000000,10156,92.0,6.5,205
11000000,10377,120.0,7.3,393
2200000,3121,159.0,7.2,79
0,4975,90.0,6.7,19
1,37532,100.0,6.7,7
60000000,9713,114.0,4.9,113
0,134368,90.0,3.0,3
0,85837,106.0,6.0,10
0,1039,95.0,6.6,7
0,9821,100.0,7.1,51
28000000,4437,116.0,6.6,290
0,1890,119.0,6.9,72
5000000,1955,124.0,7.9,740
0,39437,172.0,5.9,26
25000000,11932,89.0,5.5,366
75000000,6435,104.0,6.3,348
0,108316,92.0,3.3,3
3000000,10683,139.0,7.4,197
0,63709,100.0,7.5,3
14000000,9445,107.0,6.2,168
0,2657,124.0,7.1,498
75000000,9425,99.0,6.1,226
0,32326,76.0,7.8,8
20000000,637,116.0,8.3,3643
1000000,8675,94.0,6.2,116
0,125762,103.0,0.0,0
3500000,20701,93.0,5.8,92
20000000,9945,108.0,5.8,262
20000000,73,119.0,8.2,3120
0,18603,98.0,8.7,6
12000000,46889,100.0,5.4,12
0,12888,96.0,6.1,42
10000000,3033,105.0,6.8,82
70000000,9882,116.0,6.1,361
23000000,10663,90.0,5.9,521
30000000,4518,124.0,7.2,346
0,1808,119.0,6.9,119
65000000,3600,100.0,5.1,381
30000000,17037,86.0,5.2,65
90000000,297,178.0,6.9,1174
0,5332,96.0,6.0,10
0,21589,92.0,6.4,8
0,8336,98.0,6.0,3
9000000,11893,111.0,7.0,129
0,123056,105.0,4.9,8
0,12223,117.0,6.7,79
0,32081,121.0,6.4,40
4000000,14924,111.0,7.0,106
0,10002,104.0,6.7,62
0,41817,100.0,5.1,25
0,19426,110.0,7.9,122
0,12560,105.0,6.8,124
90000000,9798,132.0,6.7,1266
30000000,14444,79.0,5.8,149
120000000,9487,95.0,6.8,2379
0,9466,113.0,6.0,113
2900000,666,113.0,7.6,132
10000000,2042,99.0,7.1,29
0,10162,91.0,7.4,58
1300000,309,105.0,7.7,213
12000,692,93.0,6.2,111
0,24018,71.0,4.6,32
1000000,1678,96.0,6.9,194
2000000,39256,87.0,6.7,34
0,1680,98.0,6.0,48
672000,244,100.0,7.7,346
23000000,10730,134.0,5.9,179
10000000,31947,105.0,4.6,29
5000000,8130,104.0,6.0,99
0,11532,114.0,7.0,64
8000000,9749,98.0,6.8,210
8045760,14628,95.0,5.8,98
17900000,9626,89.0,5.0,211
0,13698,111.0,6.2,47
10000000,10466,91.0,6.2,288
30000000,707,131.0,6.0,515
25000000,11954,116.0,6.2,136
4500000,9336,96.0,6.5,614
0,10157,87.0,5.6,349
0,12118,83.0,5.5,259
0,10587,88.0,4.9,261
0,11825,90.0,4.7,195
0,11895,84.0,4.7,183
90000000,9447,92.0,5.3,312
15000000,12257,93.0,4.8,32
3500000,37536,90.0,3.8,13
30000000,10029,100.0,6.2,182
0,27104,94.0,6.4,24
60000000,11252,105.0,4.8,233
0,8545,97.0,6.6,62
0,10223,121.0,6.9,191
27000000,9745,101.0,5.5,254
70000000,200,103.0,6.3,402
70000000,9837,99.0,6.9,847
9000000,11545,93.0,7.5,688
25000000,1934,122.0,6.8,831
0,110643,99.0,7.5,3
0,11881,96.0,7.4,139
50000000,13764,108.0,6.1,58
0,24951,99.0,5.7,17
0,8879,115.0,7.0,255
44000000,1369,96.0,6.3,884
15000000,1368,93.0,7.2,1523
63000000,1370,102.0,5.7,703
25000000,10303,106.0,6.0,289
10000000,9326,106.0,6.6,477
0,10328,117.0,6.5,329
17500000,11285,116.0,5.4,103
7000000,1367,119.0,6.9,948
17000000,1371,99.0,6.6,894
31000000,1374,91.0,6.6,984
42000000,1375,104.0,5.3,688
15000000,15196,94.0,7.1,377
18000000,11904,109.0,6.7,172
0,215875,88.0,2.5,2
0,15596,96.0,6.4,113
0,13818,108.0,5.9,48
0,29968,118.0,6.1,30
0,44326,89.0,6.0,13
8000000,1885,126.0,6.9,913
113,8856,113.0,5.9,457
0,10495,112.0,5.5,311
27000000,5825,97.0,7.1,668
65000000,9489,119.0,6.3,859
0,16885,124.0,6.5,24
0,76857,101.0,6.0,7
52000000,8741,170.0,7.2,793
15000000,9276,104.0,6.2,500
90000000,9822,114.0,5.9,208
94,39314,94.0,6.7,25
50000000,10312,115.0,7.0,863
0,9441,124.0,6.9,286
70000000,9422,115.0,6.1,113
0,125582,112.0,6.4,5
0,24525,122.0,5.6,22
12000000,10368,117.0,5.8,32
0,11365,118.0,6.7,62
0,140897,100.0,6.0,2
6000000,31662,114.0,5.8,56
0,36136,101.0,6.4,38
0,1363,114.0,4.7,9
0,46992,121.0,6.5,23
20000000,825,121.0,6.6,49
0,22913,96.0,6.3,10
0,15556,128.0,5.9,49
0,28902,100.0,5.4,45
0,14709,106.0,6.0,126
75000000,9423,99.0,5.0,151
0,14443,100.0,3.0,20
37000000,10658,110.0,5.1,227
2500000,6917,85.0,5.9,107
0,40729,93.0,5.3,16
0,24086,114.0,6.0,36
700000,11815,94.0,6.9,129
15000000,9426,96.0,7.1,1038
0,10344,105.0,5.2,159
0,15698,107.0,6.4,58
12000000,2620,88.0,5.3,46
85000,30497,83.0,7.1,617
4700000,16337,101.0,5.8,142
0,25018,81.0,5.1,75
600000,16780,95.0,3.9,96
0,12151,93.0,6.7,104
0,25438,98.0,5.6,40
0,33278,91.0,5.9,57
0,274253,103.0,5.0,1
20000000,192,130.0,7.2,739
0,10945,100.0,5.9,86
18000000,10013,103.0,5.9,138
5000000,9671,97.0,6.3,512
0,9396,110.0,5.5,310
0,11038,104.0,5.7,41
0,12278,104.0,5.4,42
13800000,11873,119.0,6.7,297
0,18588,110.0,5.8,23
15000000,10015,130.0,6.5,270
0,12715,104.0,5.0,48
25000000,8388,102.0,6.3,287
30000000,45712,108.0,5.5,13
0,6187,97.0,4.7,5
0,8129,105.0,7.1,29
0,1618,92.0,7.1,35
0,10722,103.0,6.9,106
0,296543,0.0,5.0,1
10000000,10314,95.0,5.7,425
0,125548,93.0,2.0,1
7300,47139,87.0,6.0,3
150000,11167,101.0,7.6,148
0,170187,0.0,0.0,0
90000000,2112,100.0,6.7,557
6000000,16172,95.0,5.5,52
0,111794,87.0,3.7,3
0,9524,126.0,6.7,13
0,20595,87.0,7.7,10
0,16306,72.0,7.6,140
35000000,11622,112.0,6.3,247
80000000,10207,131.0,5.9,198
65000000,9849,94.0,5.1,81
0,82865,85.0,8.0,1
3000000,18892,87.0,5.9,93
0,13466,108.0,7.4,259
10000000,1542,89.0,7.4,1068
0,43978,86.0,7.3,14
6000000,15256,101.0,6.1,44
40000000,8224,123.0,6.1,479
35000000,18417,130.0,6.0,35
12000000,12479,110.0,5.2,28
0,15031,86.0,5.2,3
0,15209,92.0,6.0,11
12000000,26425,115.0,5.8,8
0,1847,113.0,7.3,112
0,42113,130.0,7.1,32
11500000,8913,103.0,6.4,417
8000000,10906,100.0,5.0,107
900000,25748,92.0,4.5,50
0,25749,92.0,4.7,50
0,8769,110.0,6.5,392
0,14742,106.0,5.9,46
200000,15856,75.0,6.9,102
10000000,10671,137.0,6.2,89
3000000,27932,107.0,5.5,79
6000000,7227,114.0,5.8,69
0,10670,119.0,5.4,33
14000000,5919,159.0,7.1,230
1500000,33518,91.0,5.6,63
0,40160,107.0,5.1,37
0,2362,88.0,6.7,345
9000000,10803,119.0,6.6,272
5800000,871,112.0,7.5,958
3000000,1685,95.0,6.2,370
1700000,1705,93.0,5.5,220
1700000,1688,88.0,6.1,243
2500000,1687,98.0,6.3,270
6500000,166680,94.0,3.2,10
7000000,11123,123.0,5.6,76
14000000,29723,123.0,4.7,45
0,31638,114.0,5.3,28
0,113286,98.0,7.0,1
80000000,9535,103.0,6.4,512
25000000,9455,110.0,6.1,60
10500000,796,97.0,6.6,848
1350000,100,105.0,7.5,1671
0,47501,97.0,6.1,6
0,77936,110.0,5.7,7
0,84586,110.0,3.7,3
38000000,30943,106.0,6.0,58
0,107946,96.0,0.0,0
21000000,7341,104.0,5.1,79
30000000,10350,100.0,4.0,75
0,11772,112.0,7.2,153
13000000,9540,115.0,7.0,176
0,31503,85.0,5.4,22
200000,11773,77.0,7.1,92
0,30202,90.0,5.9,24
12000000,22345,97.0,3.3,75
0,53685,94.0,1.5,2
0,1567,93.0,7.5,99
75000000,1641,105.0,5.1,141
25000000,47288,87.0,5.0,23
12000000,10212,100.0,6.8,144
0,10354,127.0,6.3,146
0,11526,110.0,5.4,10
0,8583,111.0,6.9,59
0,123728,118.0,6.0,1
4550000,16520,133.0,7.3,103
0,16508,77.0,5.4,22
80000000,11374,122.0,5.7,168
50000000,16379,92.0,4.1,37
0,125123,93.0,4.5,2
14000000,28029,107.0,6.2,21
63000000,603,136.0,7.9,9079
16000000,4951,97.0,7.3,1768
0,65749,115.0,6.8,6
75000000,8970,90.0,5.1,46
500000,9840,113.0,6.9,18
0,186705,105.0,6.0,1
0,30950,105.0,6.1,8
250000,70687,90.0,4.8,3
6000,11660,69.0,7.2,363
6500000,9430,98.0,7.0,198
25000000,11355,107.0,5.8,378
10000000,18764,89.0,6.2,72
10000000,9465,118.0,6.2,35
0,27455,84.0,6.3,3
0,1414,112.0,7.1,54
20000000,49981,102.0,5.8,11
80000000,6522,108.0,6.4,179
0,114719,103.0,5.5,6
12000000,10209,98.0,6.2,23
0,25512,93.0,4.5,3
0,143299,0.0,6.0,1
0,22826,112.0,6.8,126
2900000,1902,117.0,7.4,211
0,445590,52.0,0.0,0
0,6396,97.0,7.3,93
1,39964,95.0,4.9,26
33000000,12596,124.0,5.7,117
0,9451,99.0,6.7,275
15000000,1946,97.0,6.7,487
0,89522,84.0,5.0,2
0,42230,90.0,4.8,12
0,139445,85.0,7.0,1
0,74140,75.0,0.0,0
66000000,1844,112.0,6.0,613
25000000,6552,92.0,6.1,183
0,24584,108.0,6.6,45
0,213985,105.0,6.1,5
0,25471,91.0,7.8,12
0,4154,105.0,6.8,7
0,28519,104.0,6.4,22
1453000,3309,111.0,7.4,81
3000000,18462,95.0,6.1,94
800000,28941,77.0,5.5,58
0,18252,94.0,6.1,41
47000000,8592,103.0,5.9,258
80000000,564,124.0,6.6,2796
786675,13852,85.0,7.4,69
0,140519,94.0,6.0,1
0,25232,119.0,4.5,2
0,33194,99.0,7.3,7
11000000,10210,116.0,6.4,95
0,53862,94.0,4.5,4
11791,17962,118.0,7.3,49
0,9460,99.0,5.8,55
1500000,4927,99.0,5.7,29
0,122190,83.0,6.0,1
115000000,1893,136.0,6.4,4526
0,31342,88.0,5.9,17
0,44297,93.0,7.2,14
0,95627,108.0,0.0,0
0,8785,182.0,7.4,23
196000,15849,73.0,6.9,121
0,18990,86.0,6.8,58
0,29242,62.0,6.9,11
0,29243,61.0,6.9,10
0,31498,67.0,6.5,14
0,29239,60.0,8.3,6
0,15660,129.0,6.6,55
55000000,1924,143.0,6.9,1042
54000000,8536,127.0,6.5,642
39000000,9531,125.0,5.3,500
17000000,11411,90.0,4.1,327
355000,138,72.0,7.2,254
0,30793,67.0,5.8,20
0,3103,71.0,6.2,30
291000,3035,71.0,7.3,295
0,3077,99.0,7.0,42
0,3074,67.0,6.4,26
0,3076,74.0,6.5,42
0,3079,82.0,6.8,61
0,32023,80.0,6.8,16
0,13666,70.0,7.2,124
0,29794,91.0,4.2,41
0,9077,80.0,6.1,58
1200000,36685,100.0,7.4,703
0,43391,69.0,2.7,7
5000000,30168,80.0,6.0,12
0,10785,87.0,6.9,142
0,19483,81.0,6.2,52
2000000,8974,85.0,6.8,172
0,29959,79.0,5.4,20
417000,11549,80.0,7.3,277
0,18158,83.0,6.0,41
0,27625,71.0,4.0,10
0,41516,77.0,4.4,14
3000000,17918,91.0,5.4,92
0,37305,97.0,6.4,16
0,18784,93.0,7.5,31
42000000,509,124.0,7.0,1309
16000000,1090,100.0,6.8,381
0,24858,137.0,7.1,14
4000000,15059,106.0,5.2,9
0,55912,91.0,5.1,8
80000000,12117,126.0,6.3,149
0,11779,105.0,7.3,76
0,41730,90.0,5.5,9
0,84198,84.0,6.9,7
0,100568,90.0,5.0,4
0,13533,113.0,5.8,10
8000000,62676,126.0,7.0,17
33000000,817,95.0,6.1,1034
0,265966,101.0,0.0,0
0,91598,100.0,5.5,3
18000000,14283,131.0,7.2,101
150000000,37135,88.0,7.1,1715
60000000,2275,116.0,6.1,209
0,68426,82.0,6.2,3
14000000,24137,97.0,6.3,47
9000000,10376,170.0,8.1,554
1530000,104,81.0,7.2,672
0,15800,86.0,6.3,22
34200000,9032,93.0,6.2,898
0,13821,86.0,6.8,3
12500000,9421,80.0,7.7,408
0,55955,88.0,4.7,3
0,67067,95.0,5.0,2
31000000,6488,103.0,6.2,445
21000000,9473,81.0,7.1,916
170000000,8487,106.0,5.1,1042
0,10279,142.0,6.3,115
0,125263,90.0,6.0,2
28000000,2767,125.0,7.5,45
0,78568,112.0,7.3,4
11000000,2105,95.0,6.4,2358
21500000,1073,117.0,7.0,246
0,10239,112.0,7.0,12
24000000,10208,87.0,5.8,94
60000,2667,81.0,6.3,1090
0,48958,98.0,6.1,10
65000000,345,159.0,7.1,1266
27000000,9825,82.0,5.5,251
6000000,16158,106.0,7.1,34
4000000,133575,100.0,4.2,5
30000000,620,107.0,7.3,2431
37000000,2978,108.0,6.3,1131
10000000,10490,98.0,6.5,88
80000000,11618,113.0,5.2,374
75000000,332,78.0,4.3,322
450000,1812,89.0,6.7,24
60000000,8914,105.0,5.6,616
68000000,9824,121.0,5.7,255
70000000,4806,116.0,5.8,472
0,33430,111.0,7.1,12
320000,247,85.0,7.7,290
75000,10056,67.0,6.2,101
12000000,967,197.0,7.3,472
2000000,802,153.0,7.3,409
11000000,3175,184.0,7.7,521
0,147,99.0,8.0,363
0,1628,105.0,7.6,163
1884000,21185,99.0,6.0,10
0,11120,119.0,6.3,126
25000000,10136,94.0,5.6,311
0,32060,108.0,6.2,20
0,48686,105.0,5.6,11
0,48259,105.0,6.0,17
15000000,873,154.0,7.7,345
0,48660,91.0,5.9,7
0,26789,106.0,5.7,38
0,3934,84.0,6.0,25
2000000,108312,111.0,2.0,2
0,198469,0.0,6.7,3
24500000,11416,126.0,7.1,295
25000000,10776,94.0,6.7,389
30000,24452,70.0,6.2,78
0,9710,99.0,4.6,70
0,31924,102.0,5.9,22
16000000,30890,90.0,7.0,131
0,24081,111.0,5.8,12
0,20242,100.0,5.6,32
0,39074,112.0,6.2,20
0,66194,93.0,4.6,7
0,2115,107.0,5.4,10
0,23599,104.0,5.4,22
0,3526,140.0,7.1,24
0,41166,124.0,5.9,8
13000000,16406,94.0,5.7,67
0,197239,97.0,0.0,0
70000000,10386,86.0,7.6,1470
40000000,745,107.0,7.7,3223
48000000,913,113.0,6.7,349
4300000,912,102.0,6.9,95
0,12229,106.0,6.4,33
0,67323,99.0,6.5,2
0,91076,119.0,6.3,7
0,89861,99.0,10.0,1
0,19457,115.0,6.0,98
55000000,11353,97.0,6.0,258
25000000,17707,100.0,6.2,115
6500000,9781,95.0,6.7,102
0,102489,124.0,6.0,6
0,18212,101.0,6.4,25
0,13817,104.0,5.8,18
0,126996,198.0,5.5,2
0,38715,70.0,6.7,3
6400000,48781,86.0,4.7,31
0,12185,101.0,6.4,84
350000,29056,86.0,6.3,56
250000,26857,82.0,6.4,34
200000,28501,80.0,6.9,67
0,29030,81.0,5.8,43
0,25319,90.0,6.6,62
0,29074,89.0,6.3,35
0,24103,82.0,5.4,45
0,10552,94.0,5.9,140
0,9267,88.0,7.1,139
6800000,10766,107.0,6.1,170
0,10768,108.0,5.5,132
3500000,813,88.0,7.1,1104
0,2665,85.0,6.0,276
22000000,9406,105.0,5.3,154
0,11418,95.0,6.0,232
15000000,11153,98.0,7.1,412
0,14170,101.0,6.0,74
18000000,2280,104.0,6.9,1022
0,11077,81.0,5.5,152
0,28597,90.0,5.2,101
0,22611,85.0,7.1,36
0,39780,132.0,6.2,26
23000000,10396,115.0,6.0,116
45000000,9944,141.0,6.3,377
0,850,94.0,7.4,352
0,10154,102.0,5.3,142
13000000,10342,96.0,5.3,94
45000000,10366,82.0,4.2,138
23000000,9349,102.0,5.8,382
0,15122,94.0,5.4,11
0,10494,81.0,7.9,261
0,126152,105.0,0.0,0
7000000,22314,97.0,6.3,18
0,51679,88.0,4.9,5
0,35813,80.0,5.9,18
0,11037,117.0,4.8,64
0,11955,105.0,4.3,17
0,2038,98.0,3.6,15
0,28737,96.0,3.2,8
0,11963,117.0,7.2,234
0,141489,191.0,6.0,2
0,53761,116.0,5.0,1
40000000,9096,106.0,5.8,114
0,91893,69.0,5.7,5
0,113273,94.0,5.0,1
0,103793,0.0,5.0,2
160000000,1911,102.0,6.4,524
75000000,2900,109.0,5.5,263
70000000,17709,77.0,3.8,49
0,37718,97.0,5.3,31
0,47144,102.0,7.3,4
0,104896,96.0,6.4,6
0,30964,102.0,5.8,6
0,52366,115.0,5.9,8
0,6373,88.0,5.0,11
70000000,2162,101.0,5.3,30
7000000,14578,96.0,5.6,30
0,40694,96.0,5.9,11
0,4338,90.0,4.7,3
0,49184,105.0,8.8,5
29000000,10307,103.0,6.0,248
12000000,11601,99.0,6.5,334
0,18621,92.0,6.0,30
0,1075,127.0,7.7,160
0,21719,111.0,6.4,19
0,40879,92.0,4.8,4
0,47951,90.0,6.7,54
0,43832,121.0,7.0,47
0,47697,90.0,6.5,35
0,49792,100.0,5.7,6
0,77064,90.0,5.5,3
6000000,26522,101.0,6.2,54
340000,23761,98.0,6.4,58
0,24097,89.0,5.2,19
0,42114,99.0,5.4,23
0,28295,82.0,5.8,11
0,12105,90.0,7.1,114
15000000,14,122.0,7.9,3438
1200000,24128,88.0,8.7,47
65000000,11001,93.0,6.1,359
50000000,10390,137.0,6.3,88
17500000,9453,156.0,5.3,147
560000,704,88.0,7.3,172
0,35122,93.0,5.5,14
0,142132,92.0,5.5,2
1200000,24153,113.0,7.5,33
9000000,11797,106.0,6.9,279
0,18086,104.0,6.4,81
0,124475,88.0,5.4,7
0,17887,106.0,6.9,105
2000000,10669,109.0,7.2,441
11000000,11527,140.0,7.1,241
0,42848,103.0,5.8,5
0,40867,101.0,6.3,12
0,1049,109.0,6.0,82
28000000,28032,87.0,6.1,117
5000000,11326,111.0,6.5,69
0,28377,101.0,5.6,32
0,10975,106.0,7.0,109
15000000,10974,88.0,6.8,111
70000000,10398,105.0,6.2,282
0,2290,120.0,6.1,91
0,24071,112.0,6.3,27
0,62994,91.0,5.8,4
2600000,60994,104.0,5.9,9
0,16112,73.0,6.3,14
0,32305,85.0,3.6,17
8000000,14429,91.0,5.8,62
28000000,15198,119.0,6.0,71
75000000,6415,114.0,6.6,709
1700000,24066,98.0,5.5,39
0,21430,93.0,5.0,24
0,10381,93.0,6.1,49
0,171982,27.0,0.0,0
0,42486,92.0,6.6,8
0,60285,116.0,6.6,10
0,5622,128.0,7.0,22
15000000,10349,122.0,5.4,91
0,42518,76.0,6.3,26
7000000,29787,113.0,6.2,58
300000,9638,89.0,6.5,166
5000000,10576,113.0,6.0,128
0,12662,93.0,5.4,79
0,61369,94.0,5.1,8
0,11712,96.0,7.8,122
64000000,12618,133.0,5.3,63
0,13824,81.0,5.0,85
2000000,226,118.0,7.2,360
0,288772,0.0,0.0,0
0,55107,122.0,6.1,12
0,69851,151.0,6.7,11
10000000,10388,89.0,6.6,110
0,17198,88.0,6.4,18
0,44857,102.0,5.5,14
6200000,9346,98.0,6.4,340
65000000,861,113.0,7.1,1745
0,14412,113.0,7.1,128
6000000,9377,103.0,7.5,1340
6000000,11541,115.0,6.8,84
0,2457,191.0,7.9,79
5500000,11901,105.0,7.4,284
1800000,4929,114.0,6.7,197
0,85325,98.0,4.7,6
0,11230,111.0,7.2,178
750000,8416,107.0,7.6,129
0,11054,92.0,6.6,102
0,851,86.0,7.6,123
0,24453,129.0,6.9,16
32000000,18254,195.0,7.1,70
1000000,56235,101.0,4.0,2
0,20123,142.0,7.2,53
0,16642,94.0,7.6,236
0,2593,108.0,7.4,38
0,42020,100.0,7.0,4
0,3086,97.0,7.5,74
689665,16305,90.0,8.0,100
0,32255,88.0,7.3,46
0,48797,103.0,7.1,12
1250000,19997,92.0,6.7,84
0,3767,110.0,7.6,113
6000000,17352,157.0,6.3,29
4000000,535,95.0,6.1,313
0,2731,148.0,7.2,32
5400000,1654,150.0,7.5,309
0,31043,109.0,5.5,4
1500000,14831,92.0,6.5,85
2500000,658,110.0,7.2,1005
2000000,657,115.0,6.9,773
950000,646,110.0,6.9,953
4500000,5689,104.0,5.8,422
200000,391,99.0,7.6,909
3000000,8052,96.0,6.8,177
18000000,772,120.0,6.3,2459
0,65448,99.0,4.9,8
0,65452,108.0,3.0,1
17000000,31650,106.0,5.8,38
463455,73575,84.0,8.0,9
700000,302579,107.0,0.0,0
63000000,550,139.0,8.3,9678
0,97537,97.0,4.6,10
50000000,12220,95.0,5.9,75
0,1610,102.0,6.1,53
0,53151,93.0,6.3,8
0,42881,96.0,7.1,27
0,29064,100.0,4.4,17
10000000,404,112.0,7.7,315
0,42196,129.0,7.1,91
5000000,36819,116.0,6.6,255
0,42726,102.0,7.2,33
7362000,9343,158.0,7.7,151
0,16858,123.0,7.3,88
0,42006,91.0,7.0,36
19000000,11562,104.0,7.4,201
0,10496,91.0,4.1,35
9000000,16162,120.0,6.8,38
32000000,8649,121.0,6.6,228
0,31306,111.0,6.5,13
20000000,10563,98.0,5.4,63
0,14484,106.0,4.7,21
0,214735,105.0,7.0,1
0,94857,103.0,6.0,1
0,32043,92.0,5.3,32
0,15247,109.0,6.8,84
0,29251,96.0,6.9,7
13000000,5548,102.0,7.1,1494
35000000,5549,117.0,5.6,498
70000000,856,104.0,7.2,1466
0,38772,95.0,6.8,18
28000000,699,127.0,6.3,497
32000000,709,133.0,5.9,549
7000000,253,121.0,6.4,540
0,13511,89.0,4.8,30
5500000,660,130.0,6.5,572
0,46798,88.0,7.6,9
19000000,11377,93.0,5.5,211
27000000,26149,124.0,6.3,49
13000000,492,112.0,7.3,1124
2000000,108346,92.0,6.0,2
0,98480,80.0,0.0,0
26500000,128,134.0,8.2,2041
0,46286,81.0,4.0,11
0,8672,95.0,7.6,45
154790,8056,103.0,7.4,48
51000000,2020,101.0,4.5,84
73000000,9481,118.0,6.5,843
90000000,9008,157.0,7.3,489
0,14242,107.0,7.7,57
0,16129,95.0,7.0,41
0,104103,111.0,7.5,2
0,11489,95.0,7.2,52
0,28145,129.0,7.4,51
0,51371,77.0,5.7,13
2000000,18111,96.0,6.1,70
0,31361,94.0,5.7,15
0,11223,113.0,6.4,88
8000000,16281,120.0,6.7,228
3500000,16288,92.0,5.9,133
900000,1694,86.0,7.0,263
2500000,476,100.0,7.0,117
25000000,37094,113.0,7.2,837
0,13555,96.0,5.8,69
750000,961,79.0,8.0,240
483103,73969,80.0,8.0,2
660000,24831,94.0,5.7,120
0,64963,104.0,7.3,5
0,85160,85.0,5.3,12
0,25560,122.0,6.9,35
5000000,21610,99.0,6.4,87
0,11878,110.0,8.0,334
0,11510,80.0,4.5,44
0,11234,98.0,6.0,147
22700000,957,96.0,6.7,924
15000000,11886,83.0,7.0,1155
0,37853,123.0,7.3,43
12000000,62204,100.0,7.2,111
15000000,11040,139.0,7.5,128
0,21849,125.0,7.4,48
40600000,1621,116.0,7.1,763
0,14035,92.0,5.9,79
0,40771,86.0,3.5,13
0,40772,96.0,4.4,14
0,40773,84.0,3.3,4
0,11498,107.0,6.7,81
0,11790,101.0,6.7,46
0,29371,94.0,5.7,13
0,276635,80.0,7.5,2
20000000,47941,98.0,4.9,7
0,29048,109.0,5.6,10
0,19052,99.0,6.6,7
23000000,21349,114.0,5.9,67
10000000,1832,130.0,6.8,842
60000000,10047,148.0,6.2,373
30000000,10228,75.0,6.7,336
0,47692,116.0,6.3,24
0,18561,92.0,5.4,15
0,144953,101.0,5.5,2
0,37426,62.0,5.3,6
0,51787,61.0,5.8,5
0,11663,118.0,7.4,132
0,13485,100.0,7.1,55
10000000,9289,178.0,7.3,237
0,9264,93.0,5.2,85
0,18222,93.0,4.1,28
0,124853,108.0,10.0,1
25485000,11165,144.0,6.9,150
700000,4203,88.0,7.6,149
16000000,24226,129.0,7.4,132
0,88875,100.0,6.9,12
0,11379,103.0,6.3,103
0,29154,103.0,7.3,60
0,2039,102.0,6.7,173
0,77915,117.0,5.7,16
0,11943,108.0,7.5,126
300000,11481,105.0,7.5,218
0,2690,135.0,7.1,74
0,20565,139.0,6.6,9
0,27141,127.0,6.7,19
0,10399,112.0,6.7,81
0,90762,83.0,7.5,2
100000000,2668,105.0,6.9,1774
135000000,36643,128.0,6.0,878
8272296,99,101.0,7.4,337
0,159569,102.0,0.0,0
0,77010,86.0,6.0,18
0,25898,73.0,6.6,28
0,9647,101.0,6.7,395
0,11787,104.0,7.7,159
133000,5156,93.0,8.0,404
4000000,24276,132.0,7.2,33
0,11953,180.0,7.7,135
0,44662,207.0,7.1,20
0,29005,120.0,7.3,82
0,26371,134.0,7.1,62
750000,596,129.0,7.8,211
0,52470,92.0,6.4,4
0,20334,99.0,7.9,107
28000000,11393,137.0,7.0,162
0,31121,109.0,6.3,41
0,293,123.0,7.0,241
14000000,10998,119.0,6.6,305
15000000,12235,108.0,6.5,63
23000000,36094,104.0,5.7,26
30000000,9013,126.0,7.2,241
0,11005,120.0,7.6,568
0,59820,133.0,6.1,14
75000000,2924,137.0,6.4,360
24000000,177,137.0,7.2,346
18000000,38557,122.0,6.5,21
0,42087,105.0,6.3,6
0,13681,111.0,7.1,31
0,34760,96.0,5.8,6
100000000,9946,121.0,5.5,488
90000000,863,92.0,7.3,3914
0,31582,112.0,5.9,56
0,125520,103.0,6.3,3
38000000,22267,138.0,6.6,49
312000,55123,102.0,6.2,11
0,5486,84.0,6.4,53
0,10411,112.0,5.7,78
0,41462,71.0,6.6,28
0,1718,110.0,3.6,5
0,28604,91.0,1.7,3
0,15506,92.0,6.3,9
23000000,20024,102.0,6.6,56
0,78256,105.0,6.3,2
0,13787,115.0,5.3,47
0,54933,125.0,6.4,8
0,9684,95.0,6.8,109
47000000,9586,125.0,5.3,113
0,41638,0.0,6.0,1
0,70801,85.0,7.4,5
0,33015,69.0,6.8,19
0,777,114.0,7.5,126
0,21887,115.0,6.9,21
0,5652,81.0,6.2,6
0,19664,120.0,5.7,19
0,32331,98.0,5.9,15
0,76083,85.0,2.8,4
0,32628,63.0,7.2,20
19000000,32669,138.0,6.2,48
0,18161,98.0,6.3,28
0,31681,103.0,6.8,41
0,33666,110.0,4.8,16
0,32274,132.0,7.2,18
17000000,10402,88.0,5.4,314
60000000,497,189.0,8.2,4166
24000000,1715,126.0,6.9,285
0,35118,91.0,5.4,7
0,42739,98.0,7.2,54
0,26162,83.0,6.3,4
1300000,25188,118.0,7.6,133
650000,15515,88.0,6.8,52
0,75888,93.0,5.1,7
75000000,1439,148.0,6.4,204
100000000,2277,131.0,6.9,998
133000000,10137,84.0,5.8,998
0,10387,162.0,7.4,18
80000000,49948,74.0,7.0,300
37000000,334,188.0,7.5,844
14000000,30237,104.0,5.8,26
10000000,50116,106.0,5.3,6
0,46435,160.0,6.7,41
0,94260,83.0,2.5,2
0,22213,92.0,4.6,26
0,47070,93.0,5.1,7
0,36492,98.0,6.7,34
360000,624,95.0,7.0,411
0,26578,132.0,6.5,43
0,415072,68.0,0.0,0
0,43103,115.0,6.0,20
0,43194,100.0,6.3,32
55000000,9563,163.0,6.8,430
82000000,1850,118.0,6.9,444
45000000,926,102.0,6.9,722
40000000,1213,139.0,7.1,790
11000000,10471,98.0,6.5,145
50000000,10400,146.0,7.2,401
25,10397,145.0,7.0,59
24000000,20761,124.0,5.7,53
0,12524,162.0,6.5,76
0,28216,91.0,6.3,17
0,36773,119.0,6.1,16
0,30814,96.0,4.8,4
0,10219,127.0,6.3,32
40000000,3558,127.0,7.6,747
0,104878,80.0,0.0,0
0,41276,90.0,4.0,2
7000000,17908,95.0,6.5,71
90000000,10384,91.0,4.9,109
0,125317,112.0,2.5,2
24554,48233,95.0,8.1,4
0,10236,118.0,7.1,87
0,71067,118.0,5.0,1
1661530,632,120.0,7.6,143
0,11851,97.0,5.7,80
12000000,5924,151.0,7.8,445
0,33734,111.0,5.9,16
0,14886,103.0,7.1,85
0,26617,98.0,7.2,114
200000,11900,96.0,6.6,27
10000000,10493,96.0,6.6,178
0,16241,125.0,6.6,102
0,27632,87.0,7.2,79
0,22160,128.0,5.7,40
0,4460,117.0,6.1,18
0,9644,84.0,5.7,161
0,43455,99.0,8.0,2
4500000,13342,90.0,7.0,330
15000000,35119,120.0,6.4,49
0,21256,88.0,6.1,7
6000000,14919,76.0,7.4,218
0,14040,113.0,6.1,33
0,75641,155.0,5.5,5
0,17343,89.0,5.5,29
0,22692,111.0,6.3,24
250000,47620,85.0,6.4,15
0,2990,102.0,6.0,83
0,38775,84.0,6.2,16
0,10831,103.0,6.9,44
0,21193,152.0,5.9,6
0,33078,115.0,6.8,31
0,16672,147.0,8.1,88
9000000,10472,91.0,4.9,71
0,123277,0.0,0.0,0
0,79474,125.0,4.6,4
0,97805,0.0,5.5,2
0,53714,90.0,6.4,9
0,21489,130.0,6.7,50
0,51392,77.0,6.4,6
0,32600,56.0,7.3,49
0,110479,96.0,4.8,2
0,299121,89.0,0.0,0
0,13005,96.0,6.1,48
0,65134,93.0,7.0,1
0,121738,89.0,0.0,0
15000000,18681,109.0,5.3,42
36000000,75531,95.0,4.6,14
0,20468,87.0,5.8,6
0,14521,93.0,5.9,9
0,46835,105.0,6.3,2
0,10406,88.0,5.6,197
0,14741,111.0,7.3,37
0,32015,141.0,8.0,33
34000000,1883,202.0,7.3,377
31000000,2005,100.0,6.5,713
38000000,6279,107.0,5.9,384
11700000,11087,110.0,6.5,196
32000000,7305,120.0,6.7,383
0,24735,98.0,6.2,40
31000000,9475,157.0,7.3,763
20000000,8872,94.0,6.5,738
0,8873,95.0,5.8,281
40000000,11287,128.0,6.8,362
45000000,9869,117.0,6.4,440
25000000,619,129.0,6.2,681
55000000,9374,104.0,6.3,655
60000000,11259,140.0,6.3,294
0,8293,140.0,7.0,98
0,11068,99.0,6.6,106
10000000,1923,134.0,7.3,429
0,10158,115.0,6.2,305
7000000,10206,86.0,5.3,192
4500000,11782,126.0,7.4,169
0,10086,95.0,7.2,194
220000,9367,81.0,6.6,243
0,9876,87.0,4.6,220
0,10326,102.0,6.0,258
0,16562,101.0,6.6,59
0,9609,110.0,7.1,147
1000000,12143,96.0,6.9,162
40000000,4234,116.0,5.7,749
16000000,9605,107.0,6.0,139
6000000,8374,108.0,7.2,848
10000000,29076,101.0,5.4,24
0,80471,90.0,6.1,5
0,49477,87.0,10.0,2
0,121940,99.0,0.0,0
0,28156,84.0,6.1,20
0,113096,89.0,7.3,3
0,106837,97.0,5.2,5
0,24349,115.0,6.4,19
0,27841,98.0,7.3,19
40000000,1907,119.0,6.3,1271
0,15489,89.0,4.8,51
30000000,15655,77.0,6.3,146
0,68546,124.0,5.3,3
0,36210,106.0,7.5,36
0,279444,107.0,0.0,0
200000,77908,93.0,4.5,1
0,22342,84.0,7.2,25
0,96484,85.0,0.0,0
520000,30062,91.0,4.9,41
0,62463,90.0,5.7,20
640000,25934,105.0,7.6,72
0,101383,82.0,7.5,2
26000000,14181,118.0,6.5,202
40000000,10385,94.0,5.0,42
23000000,2787,108.0,6.7,1812
41300000,2069,98.0,6.3,540
0,61416,107.0,6.0,11
0,79515,75.0,7.1,6
0,14839,114.0,7.2,30
0,42186,72.0,5.6,7
9000000,28978,71.0,8.0,119
1500000,901,87.0,8.2,444
0,25010,100.0,6.0,17
0,36208,33.0,7.1,46
250000,10098,68.0,8.0,404
0,18264,104.0,6.8,41
0,291861,93.0,0.0,0
0,33374,84.0,3.4,5
0,43368,89.0,5.2,7
0,127602,97.0,5.0,1
42000000,2155,124.0,5.3,175
35000000,11004,111.0,6.9,165
0,25212,101.0,6.1,7
0,36048,93.0,4.8,3
0,139,98.0,6.8,16
0,210307,85.0,0.0,0
6000000,47816,82.0,5.9,15
20000000,20682,96.0,5.9,24
16000000,25166,96.0,5.4,43
25000000,1831,108.0,4.3,29
60000000,10416,105.0,5.4,37
2053648,14271,102.0,7.8,17
0,4816,116.0,7.2,306
0,19958,105.0,7.3,10
0,28569,124.0,7.1,49
0,2193,97.0,5.8,17
0,64871,67.0,0.0,0
0,54575,138.0,6.2,13
0,11016,100.0,7.6,124
0,23020,74.0,3.5,11
0,54195,93.0,5.3,7
0,139058,97.0,7.0,3
0,20423,80.0,8.3,34
6000000,10839,132.0,6.6,89
0,36489,69.0,4.2,24
0,24481,103.0,6.6,35
12000000,11296,120.0,6.9,112
0,61651,100.0,3.8,13
24500,28172,67.0,5.3,26
0,57855,75.0,4.9,4
50000,28180,79.0,5.0,16
0,14280,105.0,6.9,36
0,72086,106.0,7.3,6
0,149687,96.0,8.0,1
1500000,29478,128.0,7.1,26
65000,28177,87.0,6.2,30
0,64166,104.0,6.0,2
0,73642,93.0,4.5,2
90000000,2067,114.0,5.7,374
38000000,622,133.0,6.3,768
0,110666,0.0,0.0,0
0,28463,125.0,7.5,11
0,12186,112.0,6.5,65
2300000,20283,100.0,7.4,80
9000000,5693,114.0,7.1,143
7000000,287,108.0,6.6,154
1800000,968,125.0,7.6,685
777000,838,110.0,6.9,330
0,16958,112.0,7.5,102
3750000,3114,119.0,7.7,332
0,31938,130.0,6.4,23
0,12501,165.0,7.8,70
0,22650,118.0,6.9,17
19000000,31618,127.0,5.6,19
0,42232,147.0,7.0,22
0,15873,117.0,6.2,37
0,26928,102.0,5.0,10
800000,68427,112.0,6.8,9
0,25392,91.0,6.1,17
0,67455,103.0,5.7,3
0,22178,134.0,6.8,26
0,48213,118.0,6.4,14
0,35412,134.0,6.7,60
0,43463,72.0,6.6,9
0,59939,93.0,5.0,2
0,159727,80.0,0.0,0
0,244151,0.0,8.0,1
0,8333,104.0,7.6,109
0,19259,107.0,5.6,39
40000000,820,189.0,7.5,513
0,11718,94.0,5.5,77
0,8989,110.0,5.6,157
0,32031,102.0,4.7,3
17000000,58048,97.0,2.9,15
0,26827,92.0,5.2,51
0,11157,99.0,5.4,82
0,28370,105.0,5.6,20
18000000,918,95.0,5.6,115
12000000,61178,83.0,5.5,21
0,11176,97.0,7.0,168
0,14900,95.0,6.9,72
8000000,11899,94.0,6.5,102
0,36536,88.0,6.5,12
0,18890,72.0,5.8,109
0,19736,95.0,5.3,24
0,123047,97.0,8.3,4
0,24575,115.0,5.2,21
1805000,16535,98.0,6.2,27
1680000,10971,123.0,7.5,45
0,23928,117.0,6.5,23
0,31336,94.0,7.3,8
52000000,462,131.0,7.1,730
23000000,9532,98.0,6.4,1416
0,117259,101.0,0.0,0
0,78231,82.0,3.0,1
0,2383,94.0,6.9,85
0,25503,111.0,5.8,6
0,53879,102.0,5.8,23
0,1396,106.0,7.8,147
1850000,11570,105.0,6.9,30
16000000,1541,130.0,7.2,766
0,150043,112.0,7.1,6
0,17443,119.0,7.1,118
2700000,8469,109.0,7.0,420
0,27995,84.0,6.2,29
0,36739,121.0,6.1,27
6500000,925,120.0,7.6,301
10000000,41823,129.0,6.3,48
14000000,1713,132.0,6.0,71
0,26170,93.0,6.2,80
0,30547,121.0,6.7,38
500000,54825,5.0,7.3,29
3000000,13939,93.0,7.0,165
2000000,14373,88.0,6.1,74
9000000,24873,92.0,6.1,68
0,26263,99.0,5.6,51
5000000,34746,95.0,5.0,46
927262,996,107.0,8.0,425
0,9079,111.0,5.8,87
6000000,1496,91.0,4.7,27
13500000,1498,93.0,6.5,486
25000000,1497,88.0,5.8,290
21000000,1499,96.0,5.1,189
4200000,1880,114.0,6.4,217
8700000,33762,109.0,6.9,14
0,103960,97.0,3.6,7
1500000,11690,92.0,6.6,370
7000000,29143,104.0,5.7,46
0,35292,128.0,6.8,12
0,36652,138.0,5.7,13
13000000,801,121.0,7.1,658
0,104301,104.0,4.7,5
0,11520,103.0,6.5,176
4000000,1879,108.0,7.6,174
25000000,2085,115.0,6.0,334
0,13539,96.0,5.4,48
15000000,16222,94.0,5.1,38
0,109479,105.0,6.0,1
0,17078,90.0,7.1,34
8500000,37722,105.0,6.5,22
0,75892,113.0,3.3,4
0,33516,84.0,5.8,33
0,99008,86.0,1.5,6
250000,9960,92.0,6.6,164
1,3082,87.0,8.1,881
0,49338,90.0,4.6,8
55000000,2102,112.0,4.4,7
0,52961,102.0,4.7,3
0,12187,104.0,6.6,84
2500000,24748,112.0,7.4,69
2000000,990,134.0,7.6,243
0,1908,128.0,7.6,93
4000000,9764,144.0,8.0,90
20000000,840,135.0,7.2,1122
0,39890,76.0,6.5,34
0,42237,116.0,8.0,4
0,26689,91.0,6.0,39
0,25673,122.0,6.9,87
25000000,2291,113.0,7.3,376
0,13531,90.0,6.6,188
6500000,16620,108.0,6.8,120
20000000,526,121.0,6.8,264
6000000,13346,108.0,6.4,53
30000000,243,113.0,7.0,636
95000000,10501,89.0,7.0,892
15000000,11478,106.0,5.7,160
0,96167,85.0,7.3,3
0,24212,77.0,4.0,8
4653000,6644,120.0,7.2,96
0,41038,74.0,5.7,3
70000000,879,144.0,6.7,1563
300000,32613,90.0,6.2,63
0,39406,97.0,6.2,6
0,85689,68.0,4.7,3
0,31624,97.0,6.2,39
0,17529,128.0,7.3,205
0,40841,96.0,6.8,6
0,118098,122.0,5.4,7
0,1793,98.0,6.3,18
2300000,11327,121.0,7.6,309
20000000,1700,107.0,7.6,1085
43000000,54087,119.0,5.2,17
13000000,34322,107.0,5.7,14
0,41659,114.0,6.2,50
0,593,167.0,7.7,364
3800000,10774,121.0,7.8,391
15000000,10083,114.0,6.9,155
0,29786,119.0,6.2,12
0,11356,106.0,7.5,121
3700000,10747,135.0,7.4,303
10000000,38809,98.0,4.6,20
31000000,10559,118.0,7.0,473
24000000,20697,107.0,4.7,51
24000000,2621,115.0,6.1,68
60000000,10479,128.0,6.0,178
0,125709,104.0,6.8,6
0,49721,104.0,5.9,11
0,2006,106.0,6.4,37
0,184885,68.0,7.0,1
5000000,46625,122.0,5.1,17
5000000,17339,118.0,6.4,94
0,26879,93.0,6.6,10
2800000,11305,113.0,7.0,92
0,48211,120.0,6.8,21
0,28975,96.0,6.4,8
7000000,13665,97.0,6.5,125
6000000,12309,105.0,5.8,156
0,1552,124.0,6.4,177
18000000,106,107.0,7.3,2129
30000000,10333,132.0,5.9,57
12000000,11027,122.0,6.4,115
0,61560,298.0,6.6,11
0,123757,87.0,0.0,0
0,27197,113.0,6.6,11
43000000,10468,103.0,6.0,210
7000000,1359,102.0,7.3,2128
30000000,4967,127.0,5.9,161
0,31776,89.0,5.5,15
3800000,10557,97.0,6.5,60
0,27745,108.0,7.3,29
0,19214,105.0,5.8,6
0,46686,98.0,0.0,0
0,71402,110.0,6.0,4
0,13776,110.0,6.9,84
1400000,26291,87.0,5.5,25
6000000,10784,124.0,7.4,210
980000,10242,135.0,7.9,210
0,27857,111.0,6.1,27
0,16347,143.0,6.4,28
5500000,4825,150.0,6.9,55
0,11654,97.0,6.4,114
6500000,10518,125.0,7.2,227
6000000,11977,98.0,6.7,370
14000000,18041,90.0,5.6,70
20000000,14736,124.0,7.5,93
62000000,3536,116.0,6.1,345
6000000,1443,97.0,7.1,841
20000000,10424,124.0,5.8,74
0,80677,126.0,6.8,4
0,28971,137.0,8.0,99
0,49096,105.0,6.7,18
0,310431,100.0,0.0,0
3000000,40562,98.0,4.4,12
10000000,9456,102.0,4.9,74
83000000,889,90.0,4.4,140
15000000,10564,120.0,6.9,159
7000000,15723,90.0,6.8,91
0,19600,95.0,6.1,9
0,125537,90.0,7.0,1
2500000,452,117.0,6.7,107
0,68170,103.0,8.0,1
4000000,36234,97.0,5.9,19
1000000,39283,83.0,3.9,21
0,65460,83.0,4.8,12
0,55667,85.0,5.0,12
0,31978,92.0,4.8,6
0,12476,96.0,6.7,85
0,5241,104.0,5.0,23
103000000,98,155.0,7.9,5566
34000000,21311,114.0,5.3,18
0,47724,115.0,6.2,6
600000,11129,99.0,6.8,98
0,94214,90.0,0.0,0
0,117781,140.0,5.0,1
0,1058,100.0,5.6,67
0,37112,85.0,5.2,6
0,42159,117.0,6.5,5
3000000,16395,107.0,6.6,113
0,50627,103.0,6.3,15
0,5608,91.0,6.3,4
160000,38925,86.0,5.7,18
0,13105,91.0,6.5,79
0,22501,75.0,7.4,38
44000000,5491,118.0,3.0,259
18000000,10560,115.0,6.8,95
0,19489,89.0,4.9,11
0,19419,81.0,4.9,24
3000000,23531,82.0,3.1,11
2000000,10688,112.0,6.0,35
0,17889,143.0,6.3,44
0,18228,102.0,5.2,32
0,80351,91.0,6.1,4
0,18642,104.0,6.3,19
0,205054,97.0,5.0,1
0,39391,143.0,6.5,20
0,18644,116.0,6.5,19
2111250,31516,98.0,6.9,50
0,45827,90.0,6.9,5
6000000,5683,90.0,6.6,239
0,113279,72.0,8.0,2
0,2094,101.0,5.8,11
0,14906,42.0,5.8,57
0,16176,146.0,6.8,16
0,52770,100.0,6.4,13
25000000,12518,96.0,5.5,85
127500000,10567,82.0,6.2,563
0,10642,98.0,5.0,122
16000000,9285,93.0,5.9,550
0,10569,94.0,6.4,155
2500000,21879,91.0,6.4,18
2000000,98502,93.0,3.4,5
0,21484,123.0,6.9,153
0,24918,94.0,6.7,29
125000000,955,123.0,5.9,1966
55000000,8584,110.0,6.2,756
0,47295,85.0,4.0,2
0,11332,118.0,6.3,14
30000,16093,78.0,6.7,94
0,29372,102.0,6.1,7
923000,962,95.0,7.7,308
1000000,5483,92.0,6.2,23
0,21060,100.0,6.3,5
2000000,30588,124.0,7.9,74
6500000,668,142.0,6.5,464
0,23518,118.0,6.9,48
14000000,691,125.0,6.6,515
0,31353,122.0,4.5,3
0,44018,105.0,7.2,28
34000000,698,126.0,5.9,551
7000000,682,125.0,6.4,533
0,28973,110.0,7.1,38
0,28974,78.0,7.1,17
0,40685,91.0,4.4,5
0,22994,100.0,6.4,14
0,40639,94.0,5.7,11
0,499,90.0,7.7,58
30000000,9600,98.0,5.6,514
0,120077,81.0,3.0,3
0,38006,91.0,6.4,23
4800000,2768,117.0,5.9,137
0,42002,86.0,6.6,29
0,40365,100.0,6.0,15
0,24920,93.0,5.9,86
0,21,95.0,7.8,23
6000000,10911,158.0,7.3,191
0,10102,135.0,6.9,72
0,30308,102.0,6.0,19
0,38688,122.0,6.5,19
0,26912,97.0,6.2,57
0,26278,85.0,6.2,32
0,26953,85.0,5.5,68
780000,26954,88.0,5.8,32
800000,26956,86.0,6.0,32
0,26957,79.0,4.9,23
0,26958,82.0,4.2,19
0,26959,90.0,3.6,20
0,26960,80.0,2.5,12
0,80287,96.0,4.6,9
0,6003,138.0,7.3,145
25000000,23939,87.0,6.0,51
0,46614,108.0,4.8,8
2600000,11072,93.0,7.2,619
0,23069,86.0,6.1,35
0,21299,88.0,6.4,23
0,38802,85.0,5.6,7
0,13368,120.0,6.9,111
10000,985,89.0,7.5,500
4000000,14002,96.0,8.0,156
0,541,119.0,6.9,51
100000,21137,100.0,7.5,27
0,36724,93.0,6.8,20
600000,938,132.0,7.8,988
0,10648,124.0,7.1,251
1500000,11368,97.0,7.3,308
13000000,10875,114.0,6.5,79
0,2075,124.0,6.5,82
26000000,1551,115.0,6.3,413
0,22500,83.0,7.4,25
4000000,10246,94.0,6.1,185
6500000,19698,98.0,5.2,61
9000000,23919,92.0,5.0,48
0,18835,89.0,5.0,29
2000000,26554,85.0,5.7,43
0,15239,82.0,6.3,116
0,28165,96.0,5.3,39
0,28169,102.0,5.0,28
0,15762,88.0,6.6,113
35000000,169,108.0,6.0,743
27000000,865,101.0,6.4,713
22000000,9663,115.0,6.6,219
0,26889,108.0,6.6,26
16000000,10128,91.0,5.9,81
400000,9659,93.0,6.6,1235
2000000,8810,95.0,7.3,981
12305523,9355,107.0,5.9,765
20000000,1727,110.0,5.9,209
17000000,635,113.0,7.0,326
17000000,10068,117.0,5.8,183
15000000,11495,114.0,5.9,174
0,11428,91.0,4.8,97
7000000,10117,96.0,4.9,51
0,35936,117.0,5.6,7
0,25562,97.0,6.0,61
0,51763,97.0,6.4,14
0,73079,108.0,4.4,11
0,38921,103.0,5.0,16
0,35463,104.0,5.3,15
90000000,9679,118.0,6.1,1511
0,24587,87.0,6.4,15
13000000,51333,93.0,5.4,14
0,17771,181.0,6.1,28
0,31610,116.0,4.0,1
0,60005,88.0,5.2,3
0,10264,130.0,6.7,95
3000000,31657,127.0,6.9,38
0,29204,96.0,7.2,21
150000,17814,91.0,7.1,223
5000000,11879,95.0,6.8,149
0,21128,105.0,6.7,28
4000000,482,100.0,6.5,68
1600000,592,113.0,7.5,377
3000000,31593,105.0,6.3,32
5500000,12611,118.0,6.2,73
0,14328,113.0,6.7,26
0,32047,167.0,7.3,40
3000000,9040,129.0,7.5,429
1821052,25364,111.0,7.9,128
0,43002,107.0,7.5,25
3000000,5121,110.0,6.4,70
0,195,83.0,7.3,48
25000000,6978,99.0,7.1,727
0,3133,94.0,7.5,301
0,643,75.0,7.6,201
16000000,10571,94.0,5.4,107
46000000,479,99.0,5.5,316
75000000,7450,94.0,6.3,320
3000000,31023,96.0,7.2,44
0,25636,107.0,6.7,22
0,41160,95.0,5.8,6
0,47439,169.0,7.3,11
0,207731,105.0,2.0,1
45000000,7443,84.0,6.5,1190
51000000,2123,116.0,6.1,956
110000000,2024,165.0,6.8,1130
76000000,17711,88.0,3.9,89
120000000,2133,130.0,6.2,609
15000000,29946,130.0,6.5,21
0,25993,88.0,5.9,25
0,28774,103.0,5.0,44
0,46929,73.0,6.2,64
600000,11598,83.0,6.4,67
35000000,9702,180.0,7.7,116
0,117026,71.0,5.5,2
0,9873,109.0,6.4,91
16400000,16820,108.0,5.8,38
0,14864,130.0,6.4,48
1500000,15379,101.0,5.2,107
2410000,12764,100.0,5.0,65
0,27352,101.0,4.8,55
0,8348,115.0,6.6,113
0,24099,99.0,6.0,72
0,17897,105.0,6.4,54
0,28050,83.0,7.0,19
2500000,16094,100.0,6.1,52
0,16096,94.0,4.7,22
68,20343,75.0,5.2,33
2000000,13757,72.0,6.3,42
0,11822,75.0,5.4,51
0,90980,107.0,6.0,1
0,26270,63.0,2.5,4
0,37744,77.0,5.1,15
2142000,494,112.0,5.4,6
1978000,493,104.0,6.1,7
0,12706,94.0,6.7,80
65000000,4244,104.0,6.0,242
19000000,4247,88.0,6.0,1468
1200000,20770,85.0,6.5,101
0,1050,92.0,6.8,20
0,1052,111.0,7.3,227
500000,20540,116.0,7.3,31
0,23655,86.0,5.6,6
8200000,1788,107.0,6.4,525
6000000,32275,144.0,6.2,38
75000000,36657,104.0,6.8,4172
0,44490,96.0,5.7,17
0,47585,106.0,6.6,8
0,1448,98.0,5.8,28
15000000,36047,105.0,4.7,15
100000000,2655,130.0,6.3,504
30000000,12599,84.0,6.4,201
0,33828,96.0,6.6,28
0,93,160.0,7.7,207
0,9278,110.0,5.0,91
0,90715,91.0,5.6,9
0,59181,98.0,5.1,9
3000000,22167,145.0,6.5,17
7000000,18118,128.0,6.4,44
3500000,11940,113.0,6.3,39
0,24167,100.0,7.6,63
35000000,10276,100.0,6.7,265
0,19380,101.0,5.5,30
107,13783,107.0,7.2,37
2000000,11624,88.0,6.6,218
0,15867,93.0,6.7,92
3000000,11686,85.0,7.5,176
0,29263,112.0,7.3,24
0,46754,103.0,5.0,1
0,18702,86.0,7.3,3
0,11830,114.0,7.9,57
0,16110,85.0,4.8,10
84000000,12107,106.0,4.7,338
0,10401,90.0,7.1,34
0,32640,108.0,6.9,8
65000000,10641,103.0,5.7,144
45000000,6282,100.0,5.8,590
95000000,9383,112.0,5.6,645
65000000,5551,130.0,6.3,407
0,277726,95.0,1.0,1
0,43079,92.0,4.6,7
1500000,27723,95.0,6.0,26
10000000,2360,93.0,6.3,115
0,28043,92.0,6.9,72
62000,33468,82.0,4.4,34
0,21866,116.0,5.2,51
6000000,33408,89.0,5.5,65
4000000,11589,144.0,7.2,191
3000000,15158,97.0,6.3,97
2500000,16139,91.0,5.6,56
650000,16146,90.0,4.9,48
3500000,26515,86.0,5.9,108
0,11856,112.0,5.3,146
350000,13567,85.0,6.1,124
0,10860,119.0,7.1,146
0,8420,95.0,6.2,43
0,18391,95.0,6.6,34
0,20850,96.0,5.1,48
30000000,39473,101.0,5.2,12
0,27452,83.0,6.6,46
0,77571,101.0,5.2,5
0,38548,96.0,8.7,3
0,20438,87.0,5.9,27
0,274868,91.0,1.0,1
0,2211,125.0,6.3,20
0,46991,80.0,6.5,11
0,201581,110.0,0.0,0
40000000,10391,107.0,4.9,72
10000000,14195,87.0,6.2,51
0,15665,79.0,7.0,1
0,45905,90.0,5.5,2
0,10393,118.0,6.2,207
0,18168,105.0,5.4,37
33000000,8843,107.0,6.0,442
1000000,10643,107.0,5.9,44
0,23618,115.0,6.5,16
0,117262,90.0,6.0,1
0,30946,99.0,5.3,4
12000000,37136,85.0,7.1,1020
23000000,37137,85.0,6.6,556
0,23283,90.0,4.6,8
3100000,3110,118.0,7.3,143
3000000,14698,114.0,7.0,47
0,11694,97.0,6.5,57
0,47434,108.0,5.6,8
0,39891,96.0,6.7,50
0,76891,107.0,6.7,9
35000000,9651,124.0,4.7,108
0,26865,81.0,5.8,24
40000000,11398,117.0,5.6,136
0,161687,112.0,0.0,0
0,26244,82.0,6.0,3
28000000,1588,98.0,5.8,574
0,287821,119.0,0.0,0
0,19150,88.0,6.4,11
0,25128,82.0,5.7,21
0,18153,107.0,6.2,11
0,30910,94.0,0.0,0
0,41282,100.0,6.5,21
25000000,12211,87.0,4.4,107
0,137236,86.0,7.5,2
0,9995,86.0,5.0,5
0,1698,103.0,6.1,61
24000000,10480,108.0,5.9,113
0,80713,101.0,6.7,10
33000000,10685,96.0,5.0,112
8500000,1619,119.0,6.4,106
60000000,786,122.0,7.4,807
35000000,14805,119.0,6.1,48
0,51179,95.0,4.3,4
0,46119,100.0,6.1,14
0,18074,112.0,5.5,34
0,170767,100.0,5.5,8
0,77332,103.0,5.2,10
0,27665,116.0,5.0,2
0,29015,82.0,5.5,11
25000000,10562,110.0,6.4,104
0,201724,109.0,5.2,6
14000000,12212,97.0,4.4,102
8000000,14629,92.0,5.5,48
12800000,16,140.0,7.7,392
0,13785,90.0,6.7,168
0,34299,112.0,5.8,13
0,15752,0.0,1.0,1
1000000,22597,94.0,6.3,26
0,19348,110.0,6.4,57
30000000,10637,113.0,7.4,835
1000000,9003,94.0,6.9,464
3000000,9064,97.0,6.3,227
5000000,11569,93.0,5.3,160
0,10434,144.0,6.4,33
0,26484,101.0,6.8,14
0,39113,99.0,6.7,10
0,38126,80.0,5.7,33
0,53617,82.0,6.3,7
0,469,89.0,7.4,112
1580000,2160,105.0,5.4,35
5115000,2161,100.0,6.7,108
0,3073,83.0,7.4,80
0,911,72.0,6.8,28
0,10973,79.0,6.7,152
0,34077,74.0,4.2,12
328000,10787,71.0,7.3,151
0,43109,69.0,4.3,18
0,43230,78.0,5.8,8
1500000,15855,92.0,5.6,30
0,9507,100.0,5.0,42
0,27475,77.0,5.7,61
0,27764,75.0,5.0,30
0,27767,87.0,5.4,20
0,40760,74.0,4.7,22
0,40446,80.0,5.0,12
0,24664,135.0,6.3,24
0,21370,89.0,5.7,7
5500000,20455,82.0,6.2,76
63600000,10461,102.0,4.8,147
1814462,1485,112.0,6.9,122
55000000,1597,108.0,6.6,1743
4500000,641,102.0,7.9,2525
10000000,10687,101.0,6.7,155
0,63956,104.0,7.0,5
9000000,6521,126.0,6.7,61
12000000,10763,121.0,4.6,70
3000000,100975,97.0,5.8,5
24000000,16888,84.0,5.7,35
0,10383,97.0,4.5,38
0,21142,114.0,6.5,18
0,78140,155.0,6.4,5
750000,2134,103.0,7.5,217
0,18801,108.0,6.4,43
1000000,18498,81.0,4.2,58
0,28605,89.0,4.4,34
0,42797,128.0,5.7,13
0,13465,68.0,6.4,91
0,27033,116.0,6.9,24
30,20367,67.0,7.3,64
5000000,71,110.0,7.4,774
48000000,1636,93.0,5.6,526
40000000,10647,122.0,7.0,447
0,19204,87.0,6.6,121
0,13762,91.0,6.9,16
0,12207,102.0,7.2,246
0,11531,90.0,4.3,216
22000000,24100,95.0,6.0,79
65000000,10783,105.0,4.9,53
0,47302,100.0,6.4,5
92000000,4327,98.0,5.6,1253
80000000,4958,126.0,6.4,259
85000000,9678,90.0,5.2,447
32000000,11978,129.0,7.0,556
80000000,8870,106.0,5.4,271
0,77434,110.0,6.4,7
0,14295,111.0,6.8,89
7200000,681,120.0,6.3,562
0,11372,135.0,6.4,77
82000000,8452,123.0,5.7,603
35000000,10862,106.0,5.5,120
123000000,8871,104.0,6.2,1440
0,34045,94.0,7.3,14
30,16340,78.0,6.0,101
85000000,10481,100.0,5.1,327
0,10867,109.0,6.9,301
13500000,10876,124.0,6.8,129
75000000,9741,106.0,6.9,1994
0,79920,79.0,6.7,3
17000000,146,120.0,7.2,949
35000000,11849,107.0,3.9,159
65000000,11983,135.0,6.1,211
75000000,11678,124.0,5.9,287
25000000,2669,132.0,6.5,109
0,20721,101.0,6.0,44
0,2609,93.0,7.1,567
0,12714,106.0,5.5,51
0,92603,105.0,6.4,9
40000000,708,130.0,6.2,447
6000000,1857,84.0,7.1,134
15000000,10673,126.0,7.0,557
14000000,2604,145.0,6.7,403
4000000,10132,110.0,6.7,46
20000000,11064,97.0,6.5,144
10000000,107,103.0,7.7,2953
15000000,40820,123.0,5.1,41
0,37716,89.0,5.3,2
25000000,392,121.0,6.8,979
13000000,8859,83.0,5.3,523
100000000,11688,78.0,7.2,1544
6,12509,122.0,6.6,91
70000000,3981,127.0,6.1,1021
43000000,711,136.0,7.0,305
10000000,2046,111.0,6.4,288
0,5001,134.0,6.6,65
90000000,8358,143.0,7.5,3304
60000000,5994,125.0,6.5,530
10000000,25520,140.0,6.4,25
45000000,1493,111.0,6.1,987
0,25660,112.0,6.8,15
26000000,134,106.0,7.3,1144
0,62677,109.0,5.6,9
0,21991,102.0,6.5,55
28000000,10577,99.0,4.6,150
57000000,21355,117.0,5.8,61
0,29122,103.0,6.0,1
80000000,11973,145.0,6.9,192
48000000,1900,147.0,6.9,573
0,44853,120.0,5.6,17
8000000,10873,92.0,6.6,149
0,26719,102.0,7.0,83
4000000,31583,94.0,5.7,21
50000000,15739,127.0,6.2,203
10000000,15413,105.0,5.8,108
0,2623,124.0,6.8,219
12000000,11209,167.0,6.5,63
6500000,13715,111.0,6.7,67
0,19108,86.0,4.7,20
0,8043,95.0,6.7,35
0,43258,137.0,6.1,22
0,10655,254.0,6.6,91
0,75490,105.0,3.7,3
0,42261,93.0,5.5,7
0,34794,79.0,5.5,5
30000000,9989,108.0,5.8,156
0,18828,88.0,5.5,24
13000000,9816,112.0,6.3,359
1000000,20637,88.0,6.8,27
35000000,5955,123.0,6.6,221
0,125498,93.0,4.3,3
0,77825,96.0,7.5,2
0,220976,91.0,0.0,0
0,66599,102.0,5.4,16
0,17474,99.0,7.1,56
0,11191,104.0,6.0,127
0,2613,105.0,5.4,31
500000,22021,91.0,7.2,58
500000,22048,94.0,6.4,51
0,17006,88.0,6.2,62
0,26333,102.0,6.5,49
11000000,16723,81.0,5.7,60
35000000,2018,103.0,5.4,433
0,31768,104.0,6.9,7
0,287991,0.0,0.0,0
0,47595,142.0,6.4,7
0,18856,93.0,5.1,14
0,10499,102.0,5.4,6
0,37949,80.0,6.3,7
0,83500,88.0,7.0,1
0,47943,117.0,6.7,47
0,74340,114.0,6.3,5
0,5709,85.0,6.0,37
0,11215,110.0,6.0,70
0,26477,92.0,5.9,15
3000000,10937,100.0,7.3,80
0,4639,95.0,6.3,26
20000000,96,100.0,6.1,627
15000000,90,105.0,6.8,985
0,11028,102.0,6.2,52
0,57240,94.0,7.0,3
0,67307,109.0,5.9,9
0,19324,85.0,5.9,32
2000000,19933,90.0,6.8,94
1800000,12919,94.0,6.7,167
10000000,15785,99.0,6.0,67
2,31701,110.0,6.6,18
14000000,31563,100.0,6.2,17
0,12506,157.0,7.0,52
0,89992,85.0,3.0,1
0,70199,100.0,6.4,20
0,39507,83.0,6.5,34
0,62185,91.0,5.0,2
0,24826,86.0,4.4,12
0,30994,103.0,5.9,6
0,17159,90.0,7.4,106
35000000,10110,153.0,7.3,491
3000000,18935,92.0,5.5,40
350000,764,85.0,7.3,913
0,20287,101.0,5.7,20
0,26964,86.0,5.7,6
0,71881,90.0,5.5,15
0,15658,93.0,6.4,60
0,4918,119.0,6.1,49
0,28368,111.0,5.5,25
0,58084,98.0,6.0,5
0,52780,134.0,6.2,9
0,48149,117.0,5.8,5
0,26156,98.0,5.2,14
0,34101,78.0,5.7,20
0,32054,113.0,6.5,44
0,14464,93.0,6.1,21
0,65501,116.0,5.5,11
0,32227,102.0,7.0,2
0,2614,120.0,6.6,336
0,40962,143.0,6.4,30
55000000,12704,107.0,4.3,29
23000000,580,89.0,3.5,227
0,24828,85.0,2.7,27
